STRUCTURE,STRUCTURE_ID,STRUCTURE_NAME,ACTION,REF_AREA,,FREQ,,MEASURE,,UNIT_MEASURE,,PRICE_BASE,,TRANSFORMATION,,TIME_PERIOD,,OBS_VALUE,,OBS_STATUS,,OBS_STATUS_2,,OBS_STATUS_3,,AUX_OBS_STATUS,,CONF_STATUS,,UNIT_MULT,,BASE_PER,,DECIMALS,
DATAFLOW,OECD.STI.STP:DSD_MSTI@DF_MSTI(1.3),,I,CAN,,A,,G,,USD_PPP_PS,,_Z,,_Z,,2010,,731.8090548,,,,,,,,,,,,0,,,,0,
DATAFLOW,OECD.STI.STP:DSD_MSTI@DF_MSTI(1.3),,I,CAN,,A,,G,,USD_PPP_PS,,_Z,,_Z,,2011,,744.6451662,,,,,,,,,,,,0,,,,0,
DATAFLOW,OECD.STI.STP:DSD_MSTI@DF_MSTI(1.3),,I,CAN,,A,,G,,USD_PPP_PS,,_Z,,_Z,,2013,,755.8835927,,,,,,,,,,,,0,,,,0,
DATAFLOW,OECD.STI.STP:DSD_MSTI@DF_MSTI(1.3),,I,CAN,,A,,G,,USD_PPP_PS,,_Z,,_Z,,2015,,756.5188592,,,,,,,,,,,,0,,,,0,
DATAFLOW,OECD.STI.STP:DSD_MSTI@DF_MSTI(1.3),,I,CAN,,A,,G,,USD_PPP_PS,,_Z,,_Z,,2016,,803.4894413,,,,,,,,,,,,0,,,,0,
DATAFLOW,OECD.STI.STP:DSD_MSTI@DF_MSTI(1.3),,I,CAN,,A,,G,,USD_PPP_PS,,_Z,,_Z,,2017,,815.1233259,,,,,,,,,,,,0,,,,0,
DATAFLOW,OECD.STI.STP:DSD_MSTI@DF_MSTI(1.3),,I,CAN,,A,,G,,USD_PPP_PS,,_Z,,_Z,,2018,,868.2953129,,,,,,,,,,,,0,,,,0,
DATAFLOW,OECD.STI.STP:DSD_MSTI@DF_MSTI(1.3),,I,CAN,,A,,G,,USD_PPP_PS,,_Z,,_Z,,2019,,886.649026,,,,,,,,,,,,0,,,,0,
DATAFLOW,OECD.STI.STP:DSD_MSTI@DF_MSTI(1.3),,I,CAN,,A,,G,,USD_PPP_PS,,_Z,,_Z,,2020,,939.8102742,,,,,,,,,,,,0,,,,0,
DATAFLOW,OECD.STI.STP:DSD_MSTI@DF_MSTI(1.3),,I,CAN,,A,,G,,USD_PPP_PS,,_Z,,_Z,,2021,,1066.174559,,,,,,,,,,,,0,,,,0,
DATAFLOW,OECD.STI.STP:DSD_MSTI@DF_MSTI(1.3),,I,CAN,,A,,G,,USD_PPP_PS,,_Z,,_Z,,2022,,1152.617845,,,,,,,,,,,,0,,,,0,
DATAFLOW,OECD.STI.STP:DSD_MSTI@DF_MSTI(1.3),,I,FRA,,A,,G,,USD_PPP_PS,,_Z,,_Z,,2011,,824.1840208,,,,,,,,,,,,0,,,,0,
DATAFLOW,OECD.STI.STP:DSD_MSTI@DF_MSTI(1.3),,I,FRA,,A,,G,,USD_PPP_PS,,_Z,,_Z,,2012,,842.9626728,,,,,,,,,,,,0,,,,0,
DATAFLOW,OECD.STI.STP:DSD_MSTI@DF_MSTI(1.3),,I,FRA,,A,,G,,USD_PPP_PS,,_Z,,_Z,,2013,,888.3948349,,,,,,,,,,,,0,,,,0,
DATAFLOW,OECD.STI.STP:DSD_MSTI@DF_MSTI(1.3),,I,FRA,,A,,G,,USD_PPP_PS,,_Z,,_Z,,2015,,913.1946221,,,,,,,,,,,,0,,,,0,
DATAFLOW,OECD.STI.STP:DSD_MSTI@DF_MSTI(1.3),,I,FRA,,A,,G,,USD_PPP_PS,,_Z,,_Z,,2016,,956.2583142,,,,,,,,,,,,0,,,,0,
DATAFLOW,OECD.STI.STP:DSD_MSTI@DF_MSTI(1.3),,I,FRA,,A,,G,,USD_PPP_PS,,_Z,,_Z,,2017,,981.4877917,,,,,,,,,,,,0,,,,0,
DATAFLOW,OECD.STI.STP:DSD_MSTI@DF_MSTI(1.3),,I,FRA,,A,,G,,USD_PPP_PS,,_Z,,_Z,,2018,,1022.625641,,,,,,,,,,,,0,,,,0,
DATAFLOW,OECD.STI.STP:DSD_MSTI@DF_MSTI(1.3),,I,FRA,,A,,G,,USD_PPP_PS,,_Z,,_Z,,2019,,1122.940262,,,,,,,,,,,,0,,,,0,
DATAFLOW,OECD.STI.STP:DSD_MSTI@DF_MSTI(1.3),,I,FRA,,A,,G,,USD_PPP_PS,,_Z,,_Z,,2020,,1124.885672,,,,,,,,,,,,0,,,,0,
DATAFLOW,OECD.STI.STP:DSD_MSTI@DF_MSTI(1.3),,I,FRA,,A,,G,,USD_PPP_PS,,_Z,,_Z,,2021,,1160.448602,,,,,,,,,,,,0,,,,0,
DATAFLOW,OECD.STI.STP:DSD_MSTI@DF_MSTI(1.3),,I,FRA,,A,,G,,USD_PPP_PS,,_Z,,_Z,,2022,,1244.453095,,,,,,,,,,,,0,,,,0,
DATAFLOW,OECD.STI.STP:DSD_MSTI@DF_MSTI(1.3),,I,DEU,,A,,G,,USD_PPP_PS,,_Z,,_Z,,2010,,1083.089754,,,,,,,,,,,,0,,,,0,
DATAFLOW,OECD.STI.STP:DSD_MSTI@DF_MSTI(1.3),,I,DEU,,A,,G,,USD_PPP_PS,,_Z,,_Z,,2011,,1193.52184,,,,,,,,,,,,0,,,,0,
DATAFLOW,OECD.STI.STP:DSD_MSTI@DF_MSTI(1.3),,I,DEU,,A,,G,,USD_PPP_PS,,_Z,,_Z,,2012,,1250.109909,,,,,,,,,,,,0,,,,0,
DATAFLOW,OECD.STI.STP:DSD_MSTI@DF_MSTI(1.3),,I,DEU,,A,,G,,USD_PPP_PS,,_Z,,_Z,,2013,,1278.058729,,,,,,,,,,,,0,,,,0,
DATAFLOW,OECD.STI.STP:DSD_MSTI@DF_MSTI(1.3),,I,DEU,,A,,G,,USD_PPP_PS,,_Z,,_Z,,2014,,1356.679008,,,,,,,,,,,,0,,,,0,
DATAFLOW,OECD.STI.STP:DSD_MSTI@DF_MSTI(1.3),,I,DEU,,A,,G,,USD_PPP_PS,,_Z,,_Z,,2015,,1402.996791,,,,,,,,,,,,0,,,,0,
DATAFLOW,OECD.STI.STP:DSD_MSTI@DF_MSTI(1.3),,I,DEU,,A,,G,,USD_PPP_PS,,_Z,,_Z,,2016,,1495.989904,,,,,,,,,,,,0,,,,0,
DATAFLOW,OECD.STI.STP:DSD_MSTI@DF_MSTI(1.3),,I,DEU,,A,,G,,USD_PPP_PS,,_Z,,_Z,,2017,,1629.342538,,,,,,,,,,,,0,,,,0,
DATAFLOW,OECD.STI.STP:DSD_MSTI@DF_MSTI(1.3),,I,DEU,,A,,G,,USD_PPP_PS,,_Z,,_Z,,2018,,1732.295302,,,,,,,,,,,,0,,,,0,
DATAFLOW,OECD.STI.STP:DSD_MSTI@DF_MSTI(1.3),,I,DEU,,A,,G,,USD_PPP_PS,,_Z,,_Z,,2019,,1864.812189,,,,,,,,,,,,0,,,,0,
DATAFLOW,OECD.STI.STP:DSD_MSTI@DF_MSTI(1.3),,I,DEU,,A,,G,,USD_PPP_PS,,_Z,,_Z,,2020,,1836.06678,,,,,,,,,,,,0,,,,0,
DATAFLOW,OECD.STI.STP:DSD_MSTI@DF_MSTI(1.3),,I,DEU,,A,,G,,USD_PPP_PS,,_Z,,_Z,,2021,,1953.272823,,,,,,,,,,,,0,,,,0,
DATAFLOW,OECD.STI.STP:DSD_MSTI@DF_MSTI(1.3),,I,JPN,,A,,G,,USD_PPP_PS,,_Z,,_Z,,2010,,1097.3775,,,,,,,,,,,,0,,,,0,
DATAFLOW,OECD.STI.STP:DSD_MSTI@DF_MSTI(1.3),,I,JPN,,A,,G,,USD_PPP_PS,,_Z,,_Z,,2011,,1160.823505,,,,,,,,,,,,0,,,,0,
DATAFLOW,OECD.STI.STP:DSD_MSTI@DF_MSTI(1.3),,I,JPN,,A,,G,,USD_PPP_PS,,_Z,,_Z,,2012,,1194.223278,,,,,,,,,,,,0,,,,0,
DATAFLOW,OECD.STI.STP:DSD_MSTI@DF_MSTI(1.3),,I,JPN,,A,,G,,USD_PPP_PS,,_Z,,_Z,,2014,,1332.323463,,,,,,,,,,,,0,,,,0,
DATAFLOW,OECD.STI.STP:DSD_MSTI@DF_MSTI(1.3),,I,JPN,,A,,G,,USD_PPP_PS,,_Z,,_Z,,2015,,1325.986307,,,,,,,,,,,,0,,,,0,
DATAFLOW,OECD.STI.STP:DSD_MSTI@DF_MSTI(1.3),,I,JPN,,A,,G,,USD_PPP_PS,,_Z,,_Z,,2016,,1262.629205,,,,,,,,,,,,0,,,,0,
DATAFLOW,OECD.STI.STP:DSD_MSTI@DF_MSTI(1.3),,I,JPN,,A,,G,,USD_PPP_PS,,_Z,,_Z,,2017,,1315.026394,,,,,,,,,,,,0,,,,0,
DATAFLOW,OECD.STI.STP:DSD_MSTI@DF_MSTI(1.3),,I,JPN,,A,,G,,USD_PPP_PS,,_Z,,_Z,,2019,,1378.558295,,,,,,,,,,,,0,,,,0,
DATAFLOW,OECD.STI.STP:DSD_MSTI@DF_MSTI(1.3),,I,JPN,,A,,G,,USD_PPP_PS,,_Z,,_Z,,2020,,1391.525486,,,,,,,,,,,,0,,,,0,
DATAFLOW,OECD.STI.STP:DSD_MSTI@DF_MSTI(1.3),,I,JPN,,A,,G,,USD_PPP_PS,,_Z,,_Z,,2021,,1454.195332,,,,,,,,,,,,0,,,,0,
DATAFLOW,OECD.STI.STP:DSD_MSTI@DF_MSTI(1.3),,I,JPN,,A,,G,,USD_PPP_PS,,_Z,,_Z,,2022,,1614.006677,,,,,,,,,,,,0,,,,0,
DATAFLOW,OECD.STI.STP:DSD_MSTI@DF_MSTI(1.3),,I,JPN,,A,,G,,USD_PPP_PS,,_Z,,_Z,,2023,,1719.341438,,,,,,,,,,,,0,,,,0,
DATAFLOW,OECD.STI.STP:DSD_MSTI@DF_MSTI(1.3),,I,KOR,,A,,G,,USD_PPP_PS,,_Z,,_Z,,2010,,1052.318116,,,,,,,,,,,,0,,,,0,
DATAFLOW,OECD.STI.STP:DSD_MSTI@DF_MSTI(1.3),,I,KOR,,A,,G,,USD_PPP_PS,,_Z,,_Z,,2011,,1169.066107,,,,,,,,,,,,0,,,,0,
DATAFLOW,OECD.STI.STP:DSD_MSTI@DF_MSTI(1.3),,I,KOR,,A,,G,,USD_PPP_PS,,_Z,,_Z,,2012,,1292.081445,,,,,,,,,,,,0,,,,0,
DATAFLOW,OECD.STI.STP:DSD_MSTI@DF_MSTI(1.3),,I,KOR,,A,,G,,USD_PPP_PS,,_Z,,_Z,,2013,,1353.07174,,,,,,,,,,,,0,,,,0,
DATAFLOW,OECD.STI.STP:DSD_MSTI@DF_MSTI(1.3),,I,KOR,,A,,G,,USD_PPP_PS,,_Z,,_Z,,2014,,1440.475561,,,,,,,,,,,,0,,,,0,
DATAFLOW,OECD.STI.STP:DSD_MSTI@DF_MSTI(1.3),,I,KOR,,A,,G,,USD_PPP_PS,,_Z,,_Z,,2015,,1508.034706,,,,,,,,,,,,0,,,,0,
DATAFLOW,OECD.STI.STP:DSD_MSTI@DF_MSTI(1.3),,I,KOR,,A,,G,,USD_PPP_PS,,_Z,,_Z,,2016,,1577.882008,,,,,,,,,,,,0,,,,0,
DATAFLOW,OECD.STI.STP:DSD_MSTI@DF_MSTI(1.3),,I,KOR,,A,,G,,USD_PPP_PS,,_Z,,_Z,,2017,,1757.912108,,,,,,,,,,,,0,,,,0,
DATAFLOW,OECD.STI.STP:DSD_MSTI@DF_MSTI(1.3),,I,KOR,,A,,G,,USD_PPP_PS,,_Z,,_Z,,2018,,1944.0261,,,,,,,,,,,,0,,,,0,
DATAFLOW,OECD.STI.STP:DSD_MSTI@DF_MSTI(1.3),,I,KOR,,A,,G,,USD_PPP_PS,,_Z,,_Z,,2019,,2029.641033,,,,,,,,,,,,0,,,,0,
DATAFLOW,OECD.STI.STP:DSD_MSTI@DF_MSTI(1.3),,I,KOR,,A,,G,,USD_PPP_PS,,_Z,,_Z,,2020,,2164.928004,,,,,,,,,,,,0,,,,0,
DATAFLOW,OECD.STI.STP:DSD_MSTI@DF_MSTI(1.3),,I,KOR,,A,,G,,USD_PPP_PS,,_Z,,_Z,,2021,,2377.325058,,,,,,,,,,,,0,,,,0,
DATAFLOW,OECD.STI.STP:DSD_MSTI@DF_MSTI(1.3),,I,KOR,,A,,G,,USD_PPP_PS,,_Z,,_Z,,2022,,2669.553254,,,,,,,,,,,,0,,,,0,
DATAFLOW,OECD.STI.STP:DSD_MSTI@DF_MSTI(1.3),,I,KOR,,A,,G,,USD_PPP_PS,,_Z,,_Z,,2023,,2779.59538,,,,,,,,,,,,0,,,,0,
DATAFLOW,OECD.STI.STP:DSD_MSTI@DF_MSTI(1.3),,I,GBR,,A,,G,,USD_PPP_PS,,_Z,,_Z,,2011,,612.7611065,,,,,,,,,,,,0,,,,0,
DATAFLOW,OECD.STI.STP:DSD_MSTI@DF_MSTI(1.3),,I,GBR,,A,,G,,USD_PPP_PS,,_Z,,_Z,,2013,,647.5325135,,,,,,,,,,,,0,,,,0,
DATAFLOW,OECD.STI.STP:DSD_MSTI@DF_MSTI(1.3),,I,CHN,,A,,G,,USD_PPP_PS,,_Z,,_Z,,2010,,158.1574225,,,,,,,,,,,,0,,,,0,
DATAFLOW,OECD.STI.STP:DSD_MSTI@DF_MSTI(1.3),,I,CHN,,A,,G,,USD_PPP_PS,,_Z,,_Z,,2011,,182.6893767,,,,,,,,,,,,0,,,,0,
DATAFLOW,OECD.STI.STP:DSD_MSTI@DF_MSTI(1.3),,I,CHN,,A,,G,,USD_PPP_PS,,_Z,,_Z,,2012,,214.0144829,,,,,,,,,,,,0,,,,0,
DATAFLOW,OECD.STI.STP:DSD_MSTI@DF_MSTI(1.3),,I,CHN,,A,,G,,USD_PPP_PS,,_Z,,_Z,,2013,,239.2714457,,,,,,,,,,,,0,,,,0,
DATAFLOW,OECD.STI.STP:DSD_MSTI@DF_MSTI(1.3),,I,CHN,,A,,G,,USD_PPP_PS,,_Z,,_Z,,2014,,255.9995183,,,,,,,,,,,,0,,,,0,
DATAFLOW,OECD.STI.STP:DSD_MSTI@DF_MSTI(1.3),,I,CHN,,A,,G,,USD_PPP_PS,,_Z,,_Z,,2015,,270.892309,,,,,,,,,,,,0,,,,0,
DATAFLOW,OECD.STI.STP:DSD_MSTI@DF_MSTI(1.3),,I,CHN,,A,,G,,USD_PPP_PS,,_Z,,_Z,,2016,,290.6195608,,,,,,,,,,,,0,,,,0,
DATAFLOW,OECD.STI.STP:DSD_MSTI@DF_MSTI(1.3),,I,CHN,,A,,G,,USD_PPP_PS,,_Z,,_Z,,2017,,311.2538519,,,,,,,,,,,,0,,,,0,
DATAFLOW,OECD.STI.STP:DSD_MSTI@DF_MSTI(1.3),,I,CHN,,A,,G,,USD_PPP_PS,,_Z,,_Z,,2018,,341.9943838,,,,,,,,,,,,0,,,,0,
DATAFLOW,OECD.STI.STP:DSD_MSTI@DF_MSTI(1.3),,I,CHN,,A,,G,,USD_PPP_PS,,_Z,,_Z,,2019,,386.8296731,,,,,,,,,,,,0,,,,0,
DATAFLOW,OECD.STI.STP:DSD_MSTI@DF_MSTI(1.3),,I,CHN,,A,,G,,USD_PPP_PS,,_Z,,_Z,,2020,,430.2760911,,,,,,,,,,,,0,,,,0,
DATAFLOW,OECD.STI.STP:DSD_MSTI@DF_MSTI(1.3),,I,CHN,,A,,G,,USD_PPP_PS,,_Z,,_Z,,2021,,496.3292065,,,,,,,,,,,,0,,,,0,
DATAFLOW,OECD.STI.STP:DSD_MSTI@DF_MSTI(1.3),,I,CHN,,A,,G,,USD_PPP_PS,,_Z,,_Z,,2022,,574.7109614,,,,,,,,,,,,0,,,,0,
DATAFLOW,OECD.STI.STP:DSD_MSTI@DF_MSTI(1.3),,I,CHN,,A,,G,,USD_PPP_PS,,_Z,,_Z,,2023,,649.4163955,,,,,,,,,,,,0,,,,0,
DATAFLOW,OECD.STI.STP:DSD_MSTI@DF_MSTI(1.3),,I,CAN,,A,,B,,PT_B1GQ,,_Z,,_Z,,2015,,0.902011162,,,,,,,,,,,,0,,,,2,
DATAFLOW,OECD.STI.STP:DSD_MSTI@DF_MSTI(1.3),,I,CAN,,A,,B,,PT_B1GQ,,_Z,,_Z,,2016,,0.924348382,,,,,,,,,,,,0,,,,2,
DATAFLOW,OECD.STI.STP:DSD_MSTI@DF_MSTI(1.3),,I,CAN,,A,,B,,PT_B1GQ,,_Z,,_Z,,2017,,0.889079486,,,,,,,,,,,,0,,,,2,
DATAFLOW,OECD.STI.STP:DSD_MSTI@DF_MSTI(1.3),,I,CAN,,A,,B,,PT_B1GQ,,_Z,,_Z,,2018,,0.932872622,,,,,,,,,,,,0,,,,2,
DATAFLOW,OECD.STI.STP:DSD_MSTI@DF_MSTI(1.3),,I,CAN,,A,,B,,PT_B1GQ,,_Z,,_Z,,2019,,0.947456369,,,,,,,,,,,,0,,,,2,
DATAFLOW,OECD.STI.STP:DSD_MSTI@DF_MSTI(1.3),,I,CAN,,A,,B,,PT_B1GQ,,_Z,,_Z,,2020,,1.066413514,,,,,,,,,,,,0,,,,2,
DATAFLOW,OECD.STI.STP:DSD_MSTI@DF_MSTI(1.3),,I,CAN,,A,,B,,PT_B1GQ,,_Z,,_Z,,2021,,1.095622793,,,,,,,,,,,,0,,,,2,
DATAFLOW,OECD.STI.STP:DSD_MSTI@DF_MSTI(1.3),,I,CAN,,A,,B,,PT_B1GQ,,_Z,,_Z,,2022,,1.066455274,,,,,,,,,,,,0,,,,2,
DATAFLOW,OECD.STI.STP:DSD_MSTI@DF_MSTI(1.3),,I,FRA,,A,,B,,PT_B1GQ,,_Z,,_Z,,2010,,1.375427698,,,,,,,,,,,,0,,,,2,
DATAFLOW,OECD.STI.STP:DSD_MSTI@DF_MSTI(1.3),,I,FRA,,A,,B,,PT_B1GQ,,_Z,,_Z,,2011,,1.39906022,,,,,,,,,,,,0,,,,2,
DATAFLOW,OECD.STI.STP:DSD_MSTI@DF_MSTI(1.3),,I,FRA,,A,,B,,PT_B1GQ,,_Z,,_Z,,2012,,1.43856684,,,,,,,,,,,,0,,,,2,
DATAFLOW,OECD.STI.STP:DSD_MSTI@DF_MSTI(1.3),,I,FRA,,A,,B,,PT_B1GQ,,_Z,,_Z,,2013,,1.442669493,,,,,,,,,,,,0,,,,2,
DATAFLOW,OECD.STI.STP:DSD_MSTI@DF_MSTI(1.3),,I,FRA,,A,,B,,PT_B1GQ,,_Z,,_Z,,2014,,1.445521154,,,,,,,,,,,,0,,,,2,
DATAFLOW,OECD.STI.STP:DSD_MSTI@DF_MSTI(1.3),,I,FRA,,A,,B,,PT_B1GQ,,_Z,,_Z,,2015,,1.438379122,,,,,,,,,,,,0,,,,2,
DATAFLOW,OECD.STI.STP:DSD_MSTI@DF_MSTI(1.3),,I,FRA,,A,,B,,PT_B1GQ,,_Z,,_Z,,2016,,1.448397791,,,,,,,,,,,,0,,,,2,
DATAFLOW,OECD.STI.STP:DSD_MSTI@DF_MSTI(1.3),,I,FRA,,A,,B,,PT_B1GQ,,_Z,,_Z,,2017,,1.440825106,,,,,,,,,,,,0,,,,2,
DATAFLOW,OECD.STI.STP:DSD_MSTI@DF_MSTI(1.3),,I,FRA,,A,,B,,PT_B1GQ,,_Z,,_Z,,2018,,1.444490844,,,,,,,,,,,,0,,,,2,
DATAFLOW,OECD.STI.STP:DSD_MSTI@DF_MSTI(1.3),,I,FRA,,A,,B,,PT_B1GQ,,_Z,,_Z,,2019,,1.44808328,,,,,,,,,,,,0,,,,2,
DATAFLOW,OECD.STI.STP:DSD_MSTI@DF_MSTI(1.3),,I,FRA,,A,,B,,PT_B1GQ,,_Z,,_Z,,2020,,1.493562394,,,,,,,,,,,,0,,,,2,
DATAFLOW,OECD.STI.STP:DSD_MSTI@DF_MSTI(1.3),,I,FRA,,A,,B,,PT_B1GQ,,_Z,,_Z,,2021,,1.454395572,,,,,,,,,,,,0,,,,2,
DATAFLOW,OECD.STI.STP:DSD_MSTI@DF_MSTI(1.3),,I,FRA,,A,,B,,PT_B1GQ,,_Z,,_Z,,2022,,1.46815852,,,,,,,,,,,,0,,,,2,
DATAFLOW,OECD.STI.STP:DSD_MSTI@DF_MSTI(1.3),,I,DEU,,A,,B,,PT_B1GQ,,_Z,,_Z,,2010,,1.794429617,,,,,,,,,,,,0,,,,2,
DATAFLOW,OECD.STI.STP:DSD_MSTI@DF_MSTI(1.3),,I,DEU,,A,,B,,PT_B1GQ,,_Z,,_Z,,2011,,1.859442064,,,,,,,,,,,,0,,,,2,
DATAFLOW,OECD.STI.STP:DSD_MSTI@DF_MSTI(1.3),,I,DEU,,A,,B,,PT_B1GQ,,_Z,,_Z,,2012,,1.921569118,,,,,,,,,,,,0,,,,2,
DATAFLOW,OECD.STI.STP:DSD_MSTI@DF_MSTI(1.3),,I,DEU,,A,,B,,PT_B1GQ,,_Z,,_Z,,2013,,1.868710056,,,,,,,,,,,,0,,,,2,
DATAFLOW,OECD.STI.STP:DSD_MSTI@DF_MSTI(1.3),,I,DEU,,A,,B,,PT_B1GQ,,_Z,,_Z,,2014,,1.909769574,,,,,,,,,,,,0,,,,2,
DATAFLOW,OECD.STI.STP:DSD_MSTI@DF_MSTI(1.3),,I,DEU,,A,,B,,PT_B1GQ,,_Z,,_Z,,2015,,1.974454411,,,,,,,,,,,,0,,,,2,
DATAFLOW,OECD.STI.STP:DSD_MSTI@DF_MSTI(1.3),,I,DEU,,A,,B,,PT_B1GQ,,_Z,,_Z,,2016,,1.966255739,,,,,,,,,,,,0,,,,2,
DATAFLOW,OECD.STI.STP:DSD_MSTI@DF_MSTI(1.3),,I,DEU,,A,,B,,PT_B1GQ,,_Z,,_Z,,2017,,2.063757272,,,,,,,,,,,,0,,,,2,
DATAFLOW,OECD.STI.STP:DSD_MSTI@DF_MSTI(1.3),,I,DEU,,A,,B,,PT_B1GQ,,_Z,,_Z,,2018,,2.099611826,,,,,,,,,,,,0,,,,2,
DATAFLOW,OECD.STI.STP:DSD_MSTI@DF_MSTI(1.3),,I,DEU,,A,,B,,PT_B1GQ,,_Z,,_Z,,2019,,2.143748869,,,,,,,,,,,,0,,,,2,
DATAFLOW,OECD.STI.STP:DSD_MSTI@DF_MSTI(1.3),,I,DEU,,A,,B,,PT_B1GQ,,_Z,,_Z,,2020,,2.058468957,,,,,,,,,,,,0,,,,2,
DATAFLOW,OECD.STI.STP:DSD_MSTI@DF_MSTI(1.3),,I,DEU,,A,,B,,PT_B1GQ,,_Z,,_Z,,2021,,2.057418826,,,,,,,,,,,,0,,,,2,
DATAFLOW,OECD.STI.STP:DSD_MSTI@DF_MSTI(1.3),,I,JPN,,A,,B,,PT_B1GQ,,_Z,,_Z,,2010,,2.375728195,,,,,,,,,,,,0,,,,2,
DATAFLOW,OECD.STI.STP:DSD_MSTI@DF_MSTI(1.3),,I,JPN,,A,,B,,PT_B1GQ,,_Z,,_Z,,2011,,2.466942434,,,,,,,,,,,,0,,,,2,
DATAFLOW,OECD.STI.STP:DSD_MSTI@DF_MSTI(1.3),,I,JPN,,A,,B,,PT_B1GQ,,_Z,,_Z,,2012,,2.431786262,,,,,,,,,,,,0,,,,2,
DATAFLOW,OECD.STI.STP:DSD_MSTI@DF_MSTI(1.3),,I,JPN,,A,,B,,PT_B1GQ,,_Z,,_Z,,2013,,2.494975433,,,,,,,,,,,,0,,,,2,
DATAFLOW,OECD.STI.STP:DSD_MSTI@DF_MSTI(1.3),,I,JPN,,A,,B,,PT_B1GQ,,_Z,,_Z,,2014,,2.61874941,,,,,,,,,,,,0,,,,2,
DATAFLOW,OECD.STI.STP:DSD_MSTI@DF_MSTI(1.3),,I,JPN,,A,,B,,PT_B1GQ,,_Z,,_Z,,2015,,2.543666059,,,,,,,,,,,,0,,,,2,
DATAFLOW,OECD.STI.STP:DSD_MSTI@DF_MSTI(1.3),,I,JPN,,A,,B,,PT_B1GQ,,_Z,,_Z,,2016,,2.446575512,,,,,,,,,,,,0,,,,2,
DATAFLOW,OECD.STI.STP:DSD_MSTI@DF_MSTI(1.3),,I,JPN,,A,,B,,PT_B1GQ,,_Z,,_Z,,2017,,2.494950576,,,,,,,,,,,,0,,,,2,
DATAFLOW,OECD.STI.STP:DSD_MSTI@DF_MSTI(1.3),,I,JPN,,A,,B,,PT_B1GQ,,_Z,,_Z,,2018,,2.556745674,,,,,,,,,,,,0,,,,2,
DATAFLOW,OECD.STI.STP:DSD_MSTI@DF_MSTI(1.3),,I,JPN,,A,,B,,PT_B1GQ,,_Z,,_Z,,2019,,2.547372268,,,,,,,,,,,,0,,,,2,
DATAFLOW,OECD.STI.STP:DSD_MSTI@DF_MSTI(1.3),,I,JPN,,A,,B,,PT_B1GQ,,_Z,,_Z,,2020,,2.56850287,,,,,,,,,,,,0,,,,2,
DATAFLOW,OECD.STI.STP:DSD_MSTI@DF_MSTI(1.3),,I,JPN,,A,,B,,PT_B1GQ,,_Z,,_Z,,2021,,2.57191544,,,,,,,,,,,,0,,,,2,
DATAFLOW,OECD.STI.STP:DSD_MSTI@DF_MSTI(1.3),,I,JPN,,A,,B,,PT_B1GQ,,_Z,,_Z,,2022,,2.699460666,,,,,,,,,,,,0,,,,2,
DATAFLOW,OECD.STI.STP:DSD_MSTI@DF_MSTI(1.3),,I,JPN,,A,,B,,PT_B1GQ,,_Z,,_Z,,2023,,2.723354212,,,,,,,,,,,,0,,,,2,
DATAFLOW,OECD.STI.STP:DSD_MSTI@DF_MSTI(1.3),,I,KOR,,A,,B,,PT_B1GQ,,_Z,,_Z,,2010,,2.377976513,,,,,,,,,,,,0,,,,2,
DATAFLOW,OECD.STI.STP:DSD_MSTI@DF_MSTI(1.3),,I,KOR,,A,,B,,PT_B1GQ,,_Z,,_Z,,2011,,2.635919819,,,,,,,,,,,,0,,,,2,
DATAFLOW,OECD.STI.STP:DSD_MSTI@DF_MSTI(1.3),,I,KOR,,A,,B,,PT_B1GQ,,_Z,,_Z,,2012,,2.872577227,,,,,,,,,,,,0,,,,2,
DATAFLOW,OECD.STI.STP:DSD_MSTI@DF_MSTI(1.3),,I,KOR,,A,,B,,PT_B1GQ,,_Z,,_Z,,2013,,2.963828638,,,,,,,,,,,,0,,,,2,
DATAFLOW,OECD.STI.STP:DSD_MSTI@DF_MSTI(1.3),,I,KOR,,A,,B,,PT_B1GQ,,_Z,,_Z,,2014,,3.042717576,,,,,,,,,,,,0,,,,2,
DATAFLOW,OECD.STI.STP:DSD_MSTI@DF_MSTI(1.3),,I,KOR,,A,,B,,PT_B1GQ,,_Z,,_Z,,2015,,2.937564655,,,,,,,,,,,,0,,,,2,
DATAFLOW,OECD.STI.STP:DSD_MSTI@DF_MSTI(1.3),,I,KOR,,A,,B,,PT_B1GQ,,_Z,,_Z,,2016,,2.943354519,,,,,,,,,,,,0,,,,2,
DATAFLOW,OECD.STI.STP:DSD_MSTI@DF_MSTI(1.3),,I,KOR,,A,,B,,PT_B1GQ,,_Z,,_Z,,2017,,3.234533681,,,,,,,,,,,,0,,,,2,
DATAFLOW,OECD.STI.STP:DSD_MSTI@DF_MSTI(1.3),,I,KOR,,A,,B,,PT_B1GQ,,_Z,,_Z,,2018,,3.429761182,,,,,,,,,,,,0,,,,2,
DATAFLOW,OECD.STI.STP:DSD_MSTI@DF_MSTI(1.3),,I,KOR,,A,,B,,PT_B1GQ,,_Z,,_Z,,2019,,3.504207677,,,,,,,,,,,,0,,,,2,
DATAFLOW,OECD.STI.STP:DSD_MSTI@DF_MSTI(1.3),,I,KOR,,A,,B,,PT_B1GQ,,_Z,,_Z,,2020,,3.575466399,,,,,,,,,,,,0,,,,2,
DATAFLOW,OECD.STI.STP:DSD_MSTI@DF_MSTI(1.3),,I,KOR,,A,,B,,PT_B1GQ,,_Z,,_Z,,2021,,3.636849476,,,,,,,,,,,,0,,,,2,
DATAFLOW,OECD.STI.STP:DSD_MSTI@DF_MSTI(1.3),,I,KOR,,A,,B,,PT_B1GQ,,_Z,,_Z,,2022,,3.848094159,,,,,,,,,,,,0,,,,2,
DATAFLOW,OECD.STI.STP:DSD_MSTI@DF_MSTI(1.3),,I,GBR,,A,,B,,PT_B1GQ,,_Z,,_Z,,2010,,0.9988729,,,,,,,,,,,,0,,,,2,
DATAFLOW,OECD.STI.STP:DSD_MSTI@DF_MSTI(1.3),,I,GBR,,A,,B,,PT_B1GQ,,_Z,,_Z,,2011,,1.047053092,,,,,,,,,,,,0,,,,2,
DATAFLOW,OECD.STI.STP:DSD_MSTI@DF_MSTI(1.3),,I,GBR,,A,,B,,PT_B1GQ,,_Z,,_Z,,2012,,0.998223158,,,,,,,,,,,,0,,,,2,
DATAFLOW,OECD.STI.STP:DSD_MSTI@DF_MSTI(1.3),,I,GBR,,A,,B,,PT_B1GQ,,_Z,,_Z,,2013,,1.035601431,,,,,,,,,,,,0,,,,2,
DATAFLOW,OECD.STI.STP:DSD_MSTI@DF_MSTI(1.3),,I,GBR,,A,,B,,PT_B1GQ,,_Z,,_Z,,2023,,1.843226486,,,,,,,,,,,,0,,,,2,
DATAFLOW,OECD.STI.STP:DSD_MSTI@DF_MSTI(1.3),,I,USA,,A,,B,,PT_B1GQ,,_Z,,_Z,,2017,,2.124203719,,,,,,,,,,,,0,,,,2,
DATAFLOW,OECD.STI.STP:DSD_MSTI@DF_MSTI(1.3),,I,USA,,A,,B,,PT_B1GQ,,_Z,,_Z,,2018,,2.216545133,,,,,,,,,,,,0,,,,2,
DATAFLOW,OECD.STI.STP:DSD_MSTI@DF_MSTI(1.3),,I,USA,,A,,B,,PT_B1GQ,,_Z,,_Z,,2019,,2.360354804,,,,,,,,,,,,0,,,,2,
DATAFLOW,OECD.STI.STP:DSD_MSTI@DF_MSTI(1.3),,I,USA,,A,,B,,PT_B1GQ,,_Z,,_Z,,2020,,2.597823697,,,,,,,,,,,,0,,,,2,
DATAFLOW,OECD.STI.STP:DSD_MSTI@DF_MSTI(1.3),,I,USA,,A,,B,,PT_B1GQ,,_Z,,_Z,,2022,,2.734059774,,,,,,,,,,,,0,,,,2,
DATAFLOW,OECD.STI.STP:DSD_MSTI@DF_MSTI(1.3),,I,CHN,,A,,B,,PT_B1GQ,,_Z,,_Z,,2010,,1.236833437,,,,,,,,,,,,0,,,,2,
DATAFLOW,OECD.STI.STP:DSD_MSTI@DF_MSTI(1.3),,I,CHN,,A,,B,,PT_B1GQ,,_Z,,_Z,,2011,,1.32726099,,,,,,,,,,,,0,,,,2,
DATAFLOW,OECD.STI.STP:DSD_MSTI@DF_MSTI(1.3),,I,CHN,,A,,B,,PT_B1GQ,,_Z,,_Z,,2012,,1.432345054,,,,,,,,,,,,0,,,,2,
DATAFLOW,OECD.STI.STP:DSD_MSTI@DF_MSTI(1.3),,I,CHN,,A,,B,,PT_B1GQ,,_Z,,_Z,,2013,,1.503468722,,,,,,,,,,,,0,,,,2,
DATAFLOW,OECD.STI.STP:DSD_MSTI@DF_MSTI(1.3),,I,CHN,,A,,B,,PT_B1GQ,,_Z,,_Z,,2014,,1.534141207,,,,,,,,,,,,0,,,,2,
DATAFLOW,OECD.STI.STP:DSD_MSTI@DF_MSTI(1.3),,I,CHN,,A,,B,,PT_B1GQ,,_Z,,_Z,,2015,,1.548921229,,,,,,,,,,,,0,,,,2,
DATAFLOW,OECD.STI.STP:DSD_MSTI@DF_MSTI(1.3),,I,CHN,,A,,B,,PT_B1GQ,,_Z,,_Z,,2016,,1.595385055,,,,,,,,,,,,0,,,,2,
DATAFLOW,OECD.STI.STP:DSD_MSTI@DF_MSTI(1.3),,I,CHN,,A,,B,,PT_B1GQ,,_Z,,_Z,,2017,,1.612049073,,,,,,,,,,,,0,,,,2,
DATAFLOW,OECD.STI.STP:DSD_MSTI@DF_MSTI(1.3),,I,CHN,,A,,B,,PT_B1GQ,,_Z,,_Z,,2018,,1.627517088,,,,,,,,,,,,0,,,,2,
DATAFLOW,OECD.STI.STP:DSD_MSTI@DF_MSTI(1.3),,I,CHN,,A,,B,,PT_B1GQ,,_Z,,_Z,,2019,,1.682299898,,,,,,,,,,,,0,,,,2,
DATAFLOW,OECD.STI.STP:DSD_MSTI@DF_MSTI(1.3),,I,CHN,,A,,B,,PT_B1GQ,,_Z,,_Z,,2020,,1.804458282,,,,,,,,,,,,0,,,,2,
DATAFLOW,OECD.STI.STP:DSD_MSTI@DF_MSTI(1.3),,I,CHN,,A,,B,,PT_B1GQ,,_Z,,_Z,,2021,,1.831967792,,,,,,,,,,,,0,,,,2,
DATAFLOW,OECD.STI.STP:DSD_MSTI@DF_MSTI(1.3),,I,CHN,,A,,B,,PT_B1GQ,,_Z,,_Z,,2022,,1.935008317,,,,,,,,,,,,0,,,,2,
DATAFLOW,OECD.STI.STP:DSD_MSTI@DF_MSTI(1.3),,I,CHN,,A,,B,,PT_B1GQ,,_Z,,_Z,,2023,,2.002840061,,,,,,,,,,,,0,,,,2,
DATAFLOW,OECD.STI.STP:DSD_MSTI@DF_MSTI(1.3),,I,FRA,,A,,G_FG,,PT_B1GQ,,_Z,,_Z,,2011,,0.768923557,,,,,,,,,,,,0,,,,2,
DATAFLOW,OECD.STI.STP:DSD_MSTI@DF_MSTI(1.3),,I,FRA,,A,,G_FG,,PT_B1GQ,,_Z,,_Z,,2012,,0.787540332,,,,,,,,,,,,0,,,,2,
DATAFLOW,OECD.STI.STP:DSD_MSTI@DF_MSTI(1.3),,I,FRA,,A,,G_FG,,PT_B1GQ,,_Z,,_Z,,2013,,0.788455916,,,,,,,,,,,,0,,,,2,
DATAFLOW,OECD.STI.STP:DSD_MSTI@DF_MSTI(1.3),,I,FRA,,A,,G_FG,,PT_B1GQ,,_Z,,_Z,,2014,,0.780301422,,,,,,,,,,,,0,,,,2,
DATAFLOW,OECD.STI.STP:DSD_MSTI@DF_MSTI(1.3),,I,FRA,,A,,G_FG,,PT_B1GQ,,_Z,,_Z,,2016,,0.721725711,,,,,,,,,,,,0,,,,2,
DATAFLOW,OECD.STI.STP:DSD_MSTI@DF_MSTI(1.3),,I,FRA,,A,,G_FG,,PT_B1GQ,,_Z,,_Z,,2019,,0.688696866,,,,,,,,,,,,0,,,,2,
DATAFLOW,OECD.STI.STP:DSD_MSTI@DF_MSTI(1.3),,I,FRA,,A,,G_FG,,PT_B1GQ,,_Z,,_Z,,2020,,0.722372631,,,,,,,,,,,,0,,,,2,
DATAFLOW,OECD.STI.STP:DSD_MSTI@DF_MSTI(1.3),,I,FRA,,A,,G_FG,,PT_B1GQ,,_Z,,_Z,,2021,,0.718206342,,,,,,,,,,,,0,,,,2,
DATAFLOW,OECD.STI.STP:DSD_MSTI@DF_MSTI(1.3),,I,FRA,,A,,G_FG,,PT_B1GQ,,_Z,,_Z,,2022,,0.70974781,,,,,,,,,,,,0,,,,2,
DATAFLOW,OECD.STI.STP:DSD_MSTI@DF_MSTI(1.3),,I,KOR,,A,,G_FG,,PT_B1GQ,,_Z,,_Z,,2010,,0.850315421,,,,,,,,,,,,0,,,,2,
DATAFLOW,OECD.STI.STP:DSD_MSTI@DF_MSTI(1.3),,I,KOR,,A,,G_FG,,PT_B1GQ,,_Z,,_Z,,2011,,0.857684298,,,,,,,,,,,,0,,,,2,
DATAFLOW,OECD.STI.STP:DSD_MSTI@DF_MSTI(1.3),,I,KOR,,A,,G_FG,,PT_B1GQ,,_Z,,_Z,,2012,,0.878895848,,,,,,,,,,,,0,,,,2,
DATAFLOW,OECD.STI.STP:DSD_MSTI@DF_MSTI(1.3),,I,KOR,,A,,G_FG,,PT_B1GQ,,_Z,,_Z,,2013,,0.861896502,,,,,,,,,,,,0,,,,2,
DATAFLOW,OECD.STI.STP:DSD_MSTI@DF_MSTI(1.3),,I,KOR,,A,,G_FG,,PT_B1GQ,,_Z,,_Z,,2014,,0.893217643,,,,,,,,,,,,0,,,,2,
DATAFLOW,OECD.STI.STP:DSD_MSTI@DF_MSTI(1.3),,I,KOR,,A,,G_FG,,PT_B1GQ,,_Z,,_Z,,2015,,0.896616638,,,,,,,,,,,,0,,,,2,
DATAFLOW,OECD.STI.STP:DSD_MSTI@DF_MSTI(1.3),,I,KOR,,A,,G_FG,,PT_B1GQ,,_Z,,_Z,,2016,,0.858893128,,,,,,,,,,,,0,,,,2,
DATAFLOW,OECD.STI.STP:DSD_MSTI@DF_MSTI(1.3),,I,KOR,,A,,G_FG,,PT_B1GQ,,_Z,,_Z,,2017,,0.879171946,,,,,,,,,,,,0,,,,2,
DATAFLOW,OECD.STI.STP:DSD_MSTI@DF_MSTI(1.3),,I,KOR,,A,,G_FG,,PT_B1GQ,,_Z,,_Z,,2018,,0.878252633,,,,,,,,,,,,0,,,,2,
DATAFLOW,OECD.STI.STP:DSD_MSTI@DF_MSTI(1.3),,I,KOR,,A,,G_FG,,PT_B1GQ,,_Z,,_Z,,2019,,0.902591731,,,,,,,,,,,,0,,,,2,
DATAFLOW,OECD.STI.STP:DSD_MSTI@DF_MSTI(1.3),,I,KOR,,A,,G_FG,,PT_B1GQ,,_Z,,_Z,,2020,,1.012905694,,,,,,,,,,,,0,,,,2,
DATAFLOW,OECD.STI.STP:DSD_MSTI@DF_MSTI(1.3),,I,KOR,,A,,G_FG,,PT_B1GQ,,_Z,,_Z,,2021,,1.048156261,,,,,,,,,,,,0,,,,2,
DATAFLOW,OECD.STI.STP:DSD_MSTI@DF_MSTI(1.3),,I,KOR,,A,,G_FG,,PT_B1GQ,,_Z,,_Z,,2022,,1.097301742,,,,,,,,,,,,0,,,,2,
DATAFLOW,OECD.STI.STP:DSD_MSTI@DF_MSTI(1.3),,I,GBR,,A,,G_FG,,PT_B1GQ,,_Z,,_Z,,2011,,0.501488641,,,,,,,,,,,,0,,,,2,
DATAFLOW,OECD.STI.STP:DSD_MSTI@DF_MSTI(1.3),,I,GBR,,A,,G_FG,,PT_B1GQ,,_Z,,_Z,,2013,,0.472082862,,,,,,,,,,,,0,,,,2,
DATAFLOW,OECD.STI.STP:DSD_MSTI@DF_MSTI(1.3),,I,CHN,,A,,G_FG,,PT_B1GQ,,_Z,,_Z,,2010,,0.404599797,,,,,,,,,,,,0,,,,2,
DATAFLOW,OECD.STI.STP:DSD_MSTI@DF_MSTI(1.3),,I,CHN,,A,,G_FG,,PT_B1GQ,,_Z,,_Z,,2011,,0.379854091,,,,,,,,,,,,0,,,,2,
DATAFLOW,OECD.STI.STP:DSD_MSTI@DF_MSTI(1.3),,I,CHN,,A,,G_FG,,PT_B1GQ,,_Z,,_Z,,2012,,0.405726391,,,,,,,,,,,,0,,,,2,
DATAFLOW,OECD.STI.STP:DSD_MSTI@DF_MSTI(1.3),,I,CHN,,A,,G_FG,,PT_B1GQ,,_Z,,_Z,,2013,,0.414234109,,,,,,,,,,,,0,,,,2,
DATAFLOW,OECD.STI.STP:DSD_MSTI@DF_MSTI(1.3),,I,CHN,,A,,G_FG,,PT_B1GQ,,_Z,,_Z,,2014,,0.401974539,,,,,,,,,,,,0,,,,2,
DATAFLOW,OECD.STI.STP:DSD_MSTI@DF_MSTI(1.3),,I,CHN,,A,,G_FG,,PT_B1GQ,,_Z,,_Z,,2015,,0.428917653,,,,,,,,,,,,0,,,,2,
DATAFLOW,OECD.STI.STP:DSD_MSTI@DF_MSTI(1.3),,I,CHN,,A,,G_FG,,PT_B1GQ,,_Z,,_Z,,2016,,0.412616459,,,,,,,,,,,,0,,,,2,
DATAFLOW,OECD.STI.STP:DSD_MSTI@DF_MSTI(1.3),,I,CHN,,A,,G_FG,,PT_B1GQ,,_Z,,_Z,,2017,,0.411555043,,,,,,,,,,,,0,,,,2,
DATAFLOW,OECD.STI.STP:DSD_MSTI@DF_MSTI(1.3),,I,CHN,,A,,G_FG,,PT_B1GQ,,_Z,,_Z,,2018,,0.4250639,,,,,,,,,,,,0,,,,2,
DATAFLOW,OECD.STI.STP:DSD_MSTI@DF_MSTI(1.3),,I,CHN,,A,,G_FG,,PT_B1GQ,,_Z,,_Z,,2019,,0.451082083,,,,,,,,,,,,0,,,,2,
DATAFLOW,OECD.STI.STP:DSD_MSTI@DF_MSTI(1.3),,I,CHN,,A,,G_FG,,PT_B1GQ,,_Z,,_Z,,2020,,0.4662969,,,,,,,,,,,,0,,,,2,
DATAFLOW,OECD.STI.STP:DSD_MSTI@DF_MSTI(1.3),,I,CHN,,A,,G_FG,,PT_B1GQ,,_Z,,_Z,,2021,,0.451487266,,,,,,,,,,,,0,,,,2,
DATAFLOW,OECD.STI.STP:DSD_MSTI@DF_MSTI(1.3),,I,CHN,,A,,G_FG,,PT_B1GQ,,_Z,,_Z,,2022,,0.443339774,,,,,,,,,,,,0,,,,2,
DATAFLOW,OECD.STI.STP:DSD_MSTI@DF_MSTI(1.3),,I,CHN,,A,,G_FG,,PT_B1GQ,,_Z,,_Z,,2023,,0.439891223,,,,,,,,,,,,0,,,,2,
DATAFLOW,OECD.STI.STP:DSD_MSTI@DF_MSTI(1.3),,I,CAN,,A,,G,,PT_B1GQ,,_Z,,_Z,,2010,,1.825037454,,,,,,,,,,,,0,,,,2,
DATAFLOW,OECD.STI.STP:DSD_MSTI@DF_MSTI(1.3),,I,CAN,,A,,G,,PT_B1GQ,,_Z,,_Z,,2011,,1.787140592,,,,,,,,,,,,0,,,,2,
DATAFLOW,OECD.STI.STP:DSD_MSTI@DF_MSTI(1.3),,I,CAN,,A,,G,,PT_B1GQ,,_Z,,_Z,,2013,,1.706245298,,,,,,,,,,,,0,,,,2,
DATAFLOW,OECD.STI.STP:DSD_MSTI@DF_MSTI(1.3),,I,CAN,,A,,G,,PT_B1GQ,,_Z,,_Z,,2015,,1.693594535,,,,,,,,,,,,0,,,,2,
DATAFLOW,OECD.STI.STP:DSD_MSTI@DF_MSTI(1.3),,I,CAN,,A,,G,,PT_B1GQ,,_Z,,_Z,,2016,,1.729024677,,,,,,,,,,,,0,,,,2,
DATAFLOW,OECD.STI.STP:DSD_MSTI@DF_MSTI(1.3),,I,CAN,,A,,G,,PT_B1GQ,,_Z,,_Z,,2017,,1.687018047,,,,,,,,,,,,0,,,,2,
DATAFLOW,OECD.STI.STP:DSD_MSTI@DF_MSTI(1.3),,I,CAN,,A,,G,,PT_B1GQ,,_Z,,_Z,,2018,,1.737193465,,,,,,,,,,,,0,,,,2,
DATAFLOW,OECD.STI.STP:DSD_MSTI@DF_MSTI(1.3),,I,CAN,,A,,G,,PT_B1GQ,,_Z,,_Z,,2019,,1.755776696,,,,,,,,,,,,0,,,,2,
DATAFLOW,OECD.STI.STP:DSD_MSTI@DF_MSTI(1.3),,I,CAN,,A,,G,,PT_B1GQ,,_Z,,_Z,,2020,,1.934135455,,,,,,,,,,,,0,,,,2,
DATAFLOW,OECD.STI.STP:DSD_MSTI@DF_MSTI(1.3),,I,CAN,,A,,G,,PT_B1GQ,,_Z,,_Z,,2021,,1.870638981,,,,,,,,,,,,0,,,,2,
DATAFLOW,OECD.STI.STP:DSD_MSTI@DF_MSTI(1.3),,I,CAN,,A,,G,,PT_B1GQ,,_Z,,_Z,,2022,,1.812910829,,,,,,,,,,,,0,,,,2,
DATAFLOW,OECD.STI.STP:DSD_MSTI@DF_MSTI(1.3),,I,FRA,,A,,G,,PT_B1GQ,,_Z,,_Z,,2011,,2.187605273,,,,,,,,,,,,0,,,,2,
DATAFLOW,OECD.STI.STP:DSD_MSTI@DF_MSTI(1.3),,I,FRA,,A,,G,,PT_B1GQ,,_Z,,_Z,,2012,,2.227617501,,,,,,,,,,,,0,,,,2,
DATAFLOW,OECD.STI.STP:DSD_MSTI@DF_MSTI(1.3),,I,FRA,,A,,G,,PT_B1GQ,,_Z,,_Z,,2013,,2.233688191,,,,,,,,,,,,0,,,,2,
DATAFLOW,OECD.STI.STP:DSD_MSTI@DF_MSTI(1.3),,I,FRA,,A,,G,,PT_B1GQ,,_Z,,_Z,,2015,,2.224012693,,,,,,,,,,,,0,,,,2,
DATAFLOW,OECD.STI.STP:DSD_MSTI@DF_MSTI(1.3),,I,FRA,,A,,G,,PT_B1GQ,,_Z,,_Z,,2016,,2.224683926,,,,,,,,,,,,0,,,,2,
DATAFLOW,OECD.STI.STP:DSD_MSTI@DF_MSTI(1.3),,I,FRA,,A,,G,,PT_B1GQ,,_Z,,_Z,,2017,,2.204216425,,,,,,,,,,,,0,,,,2,
DATAFLOW,OECD.STI.STP:DSD_MSTI@DF_MSTI(1.3),,I,FRA,,A,,G,,PT_B1GQ,,_Z,,_Z,,2018,,2.204068095,,,,,,,,,,,,0,,,,2,
DATAFLOW,OECD.STI.STP:DSD_MSTI@DF_MSTI(1.3),,I,FRA,,A,,G,,PT_B1GQ,,_Z,,_Z,,2019,,2.196680397,,,,,,,,,,,,0,,,,2,
DATAFLOW,OECD.STI.STP:DSD_MSTI@DF_MSTI(1.3),,I,FRA,,A,,G,,PT_B1GQ,,_Z,,_Z,,2020,,2.274201474,,,,,,,,,,,,0,,,,2,
DATAFLOW,OECD.STI.STP:DSD_MSTI@DF_MSTI(1.3),,I,FRA,,A,,G,,PT_B1GQ,,_Z,,_Z,,2021,,2.2127829,,,,,,,,,,,,0,,,,2,
DATAFLOW,OECD.STI.STP:DSD_MSTI@DF_MSTI(1.3),,I,FRA,,A,,G,,PT_B1GQ,,_Z,,_Z,,2022,,2.220574912,,,,,,,,,,,,0,,,,2,
DATAFLOW,OECD.STI.STP:DSD_MSTI@DF_MSTI(1.3),,I,DEU,,A,,G,,PT_B1GQ,,_Z,,_Z,,2010,,2.677141377,,,,,,,,,,,,0,,,,2,
DATAFLOW,OECD.STI.STP:DSD_MSTI@DF_MSTI(1.3),,I,DEU,,A,,G,,PT_B1GQ,,_Z,,_Z,,2011,,2.75105746,,,,,,,,,,,,0,,,,2,
DATAFLOW,OECD.STI.STP:DSD_MSTI@DF_MSTI(1.3),,I,DEU,,A,,G,,PT_B1GQ,,_Z,,_Z,,2012,,2.826097354,,,,,,,,,,,,0,,,,2,
DATAFLOW,OECD.STI.STP:DSD_MSTI@DF_MSTI(1.3),,I,DEU,,A,,G,,PT_B1GQ,,_Z,,_Z,,2013,,2.781443017,,,,,,,,,,,,0,,,,2,
DATAFLOW,OECD.STI.STP:DSD_MSTI@DF_MSTI(1.3),,I,DEU,,A,,G,,PT_B1GQ,,_Z,,_Z,,2014,,2.822838427,,,,,,,,,,,,0,,,,2,
DATAFLOW,OECD.STI.STP:DSD_MSTI@DF_MSTI(1.3),,I,DEU,,A,,G,,PT_B1GQ,,_Z,,_Z,,2015,,2.8759623,,,,,,,,,,,,0,,,,2,
DATAFLOW,OECD.STI.STP:DSD_MSTI@DF_MSTI(1.3),,I,DEU,,A,,G,,PT_B1GQ,,_Z,,_Z,,2016,,2.884741723,,,,,,,,,,,,0,,,,2,
DATAFLOW,OECD.STI.STP:DSD_MSTI@DF_MSTI(1.3),,I,DEU,,A,,G,,PT_B1GQ,,_Z,,_Z,,2017,,2.986808596,,,,,,,,,,,,0,,,,2,
DATAFLOW,OECD.STI.STP:DSD_MSTI@DF_MSTI(1.3),,I,DEU,,A,,G,,PT_B1GQ,,_Z,,_Z,,2018,,3.047994485,,,,,,,,,,,,0,,,,2,
DATAFLOW,OECD.STI.STP:DSD_MSTI@DF_MSTI(1.3),,I,DEU,,A,,G,,PT_B1GQ,,_Z,,_Z,,2019,,3.110452381,,,,,,,,,,,,0,,,,2,
DATAFLOW,OECD.STI.STP:DSD_MSTI@DF_MSTI(1.3),,I,DEU,,A,,G,,PT_B1GQ,,_Z,,_Z,,2020,,3.088716876,,,,,,,,,,,,0,,,,2,
DATAFLOW,OECD.STI.STP:DSD_MSTI@DF_MSTI(1.3),,I,DEU,,A,,G,,PT_B1GQ,,_Z,,_Z,,2021,,3.073686254,,,,,,,,,,,,0,,,,2,
DATAFLOW,OECD.STI.STP:DSD_MSTI@DF_MSTI(1.3),,I,JPN,,A,,G,,PT_B1GQ,,_Z,,_Z,,2010,,3.104951313,,,,,,,,,,,,0,,,,2,
DATAFLOW,OECD.STI.STP:DSD_MSTI@DF_MSTI(1.3),,I,JPN,,A,,G,,PT_B1GQ,,_Z,,_Z,,2011,,3.205366018,,,,,,,,,,,,0,,,,2,
DATAFLOW,OECD.STI.STP:DSD_MSTI@DF_MSTI(1.3),,I,JPN,,A,,G,,PT_B1GQ,,_Z,,_Z,,2012,,3.173705284,,,,,,,,,,,,0,,,,2,
DATAFLOW,OECD.STI.STP:DSD_MSTI@DF_MSTI(1.3),,I,JPN,,A,,G,,PT_B1GQ,,_Z,,_Z,,2014,,3.367875199,,,,,,,,,,,,0,,,,2,
DATAFLOW,OECD.STI.STP:DSD_MSTI@DF_MSTI(1.3),,I,JPN,,A,,G,,PT_B1GQ,,_Z,,_Z,,2015,,3.240707296,,,,,,,,,,,,0,,,,2,
DATAFLOW,OECD.STI.STP:DSD_MSTI@DF_MSTI(1.3),,I,JPN,,A,,G,,PT_B1GQ,,_Z,,_Z,,2016,,3.106656458,,,,,,,,,,,,0,,,,2,
DATAFLOW,OECD.STI.STP:DSD_MSTI@DF_MSTI(1.3),,I,JPN,,A,,G,,PT_B1GQ,,_Z,,_Z,,2017,,3.166356159,,,,,,,,,,,,0,,,,2,
DATAFLOW,OECD.STI.STP:DSD_MSTI@DF_MSTI(1.3),,I,JPN,,A,,G,,PT_B1GQ,,_Z,,_Z,,2019,,3.218237396,,,,,,,,,,,,0,,,,2,
DATAFLOW,OECD.STI.STP:DSD_MSTI@DF_MSTI(1.3),,I,JPN,,A,,G,,PT_B1GQ,,_Z,,_Z,,2020,,3.26555705,,,,,,,,,,,,0,,,,2,
DATAFLOW,OECD.STI.STP:DSD_MSTI@DF_MSTI(1.3),,I,JPN,,A,,G,,PT_B1GQ,,_Z,,_Z,,2021,,3.27382694,,,,,,,,,,,,0,,,,2,
DATAFLOW,OECD.STI.STP:DSD_MSTI@DF_MSTI(1.3),,I,JPN,,A,,G,,PT_B1GQ,,_Z,,_Z,,2022,,3.400532198,,,,,,,,,,,,0,,,,2,
DATAFLOW,OECD.STI.STP:DSD_MSTI@DF_MSTI(1.3),,I,JPN,,A,,G,,PT_B1GQ,,_Z,,_Z,,2023,,3.44124934,,,,,,,,,,,,0,,,,2,
DATAFLOW,OECD.STI.STP:DSD_MSTI@DF_MSTI(1.3),,I,KOR,,A,,G,,PT_B1GQ,,_Z,,_Z,,2010,,3.179130089,,,,,,,,,,,,0,,,,2,
DATAFLOW,OECD.STI.STP:DSD_MSTI@DF_MSTI(1.3),,I,KOR,,A,,G,,PT_B1GQ,,_Z,,_Z,,2011,,3.444101844,,,,,,,,,,,,0,,,,2,
DATAFLOW,OECD.STI.STP:DSD_MSTI@DF_MSTI(1.3),,I,KOR,,A,,G,,PT_B1GQ,,_Z,,_Z,,2012,,3.685191076,,,,,,,,,,,,0,,,,2,
DATAFLOW,OECD.STI.STP:DSD_MSTI@DF_MSTI(1.3),,I,KOR,,A,,G,,PT_B1GQ,,_Z,,_Z,,2013,,3.774874742,,,,,,,,,,,,0,,,,2,
DATAFLOW,OECD.STI.STP:DSD_MSTI@DF_MSTI(1.3),,I,KOR,,A,,G,,PT_B1GQ,,_Z,,_Z,,2014,,3.889821059,,,,,,,,,,,,0,,,,2,
DATAFLOW,OECD.STI.STP:DSD_MSTI@DF_MSTI(1.3),,I,KOR,,A,,G,,PT_B1GQ,,_Z,,_Z,,2015,,3.789078648,,,,,,,,,,,,0,,,,2,
DATAFLOW,OECD.STI.STP:DSD_MSTI@DF_MSTI(1.3),,I,KOR,,A,,G,,PT_B1GQ,,_Z,,_Z,,2016,,3.786389673,,,,,,,,,,,,0,,,,2,
DATAFLOW,OECD.STI.STP:DSD_MSTI@DF_MSTI(1.3),,I,KOR,,A,,G,,PT_B1GQ,,_Z,,_Z,,2017,,4.073405361,,,,,,,,,,,,0,,,,2,
DATAFLOW,OECD.STI.STP:DSD_MSTI@DF_MSTI(1.3),,I,KOR,,A,,G,,PT_B1GQ,,_Z,,_Z,,2018,,4.27153981,,,,,,,,,,,,0,,,,2,
DATAFLOW,OECD.STI.STP:DSD_MSTI@DF_MSTI(1.3),,I,KOR,,A,,G,,PT_B1GQ,,_Z,,_Z,,2019,,4.363781528,,,,,,,,,,,,0,,,,2,
DATAFLOW,OECD.STI.STP:DSD_MSTI@DF_MSTI(1.3),,I,KOR,,A,,G,,PT_B1GQ,,_Z,,_Z,,2020,,4.521408849,,,,,,,,,,,,0,,,,2,
DATAFLOW,OECD.STI.STP:DSD_MSTI@DF_MSTI(1.3),,I,KOR,,A,,G,,PT_B1GQ,,_Z,,_Z,,2021,,4.596725801,,,,,,,,,,,,0,,,,2,
DATAFLOW,OECD.STI.STP:DSD_MSTI@DF_MSTI(1.3),,I,KOR,,A,,G,,PT_B1GQ,,_Z,,_Z,,2022,,4.847530126,,,,,,,,,,,,0,,,,2,
DATAFLOW,OECD.STI.STP:DSD_MSTI@DF_MSTI(1.3),,I,GBR,,A,,G,,PT_B1GQ,,_Z,,_Z,,2011,,1.646810097,,,,,,,,,,,,0,,,,2,
DATAFLOW,OECD.STI.STP:DSD_MSTI@DF_MSTI(1.3),,I,GBR,,A,,G,,PT_B1GQ,,_Z,,_Z,,2013,,1.620957234,,,,,,,,,,,,0,,,,2,
DATAFLOW,OECD.STI.STP:DSD_MSTI@DF_MSTI(1.3),,I,CHN,,A,,G,,PT_B1GQ,,_Z,,_Z,,2010,,1.684560861,,,,,,,,,,,,0,,,,2,
DATAFLOW,OECD.STI.STP:DSD_MSTI@DF_MSTI(1.3),,I,CHN,,A,,G,,PT_B1GQ,,_Z,,_Z,,2011,,1.752446261,,,,,,,,,,,,0,,,,2,
DATAFLOW,OECD.STI.STP:DSD_MSTI@DF_MSTI(1.3),,I,CHN,,A,,G,,PT_B1GQ,,_Z,,_Z,,2012,,1.880951529,,,,,,,,,,,,0,,,,2,
DATAFLOW,OECD.STI.STP:DSD_MSTI@DF_MSTI(1.3),,I,CHN,,A,,G,,PT_B1GQ,,_Z,,_Z,,2013,,1.962460673,,,,,,,,,,,,0,,,,2,
DATAFLOW,OECD.STI.STP:DSD_MSTI@DF_MSTI(1.3),,I,CHN,,A,,G,,PT_B1GQ,,_Z,,_Z,,2014,,1.984746732,,,,,,,,,,,,0,,,,2,
DATAFLOW,OECD.STI.STP:DSD_MSTI@DF_MSTI(1.3),,I,CHN,,A,,G,,PT_B1GQ,,_Z,,_Z,,2015,,2.017032406,,,,,,,,,,,,0,,,,2,
DATAFLOW,OECD.STI.STP:DSD_MSTI@DF_MSTI(1.3),,I,CHN,,A,,G,,PT_B1GQ,,_Z,,_Z,,2016,,2.059497185,,,,,,,,,,,,0,,,,2,
DATAFLOW,OECD.STI.STP:DSD_MSTI@DF_MSTI(1.3),,I,CHN,,A,,G,,PT_B1GQ,,_Z,,_Z,,2017,,2.077706488,,,,,,,,,,,,0,,,,2,
DATAFLOW,OECD.STI.STP:DSD_MSTI@DF_MSTI(1.3),,I,CHN,,A,,G,,PT_B1GQ,,_Z,,_Z,,2018,,2.102320196,,,,,,,,,,,,0,,,,2,
DATAFLOW,OECD.STI.STP:DSD_MSTI@DF_MSTI(1.3),,I,CHN,,A,,G,,PT_B1GQ,,_Z,,_Z,,2019,,2.201430061,,,,,,,,,,,,0,,,,2,
DATAFLOW,OECD.STI.STP:DSD_MSTI@DF_MSTI(1.3),,I,CHN,,A,,G,,PT_B1GQ,,_Z,,_Z,,2020,,2.357123977,,,,,,,,,,,,0,,,,2,
DATAFLOW,OECD.STI.STP:DSD_MSTI@DF_MSTI(1.3),,I,CHN,,A,,G,,PT_B1GQ,,_Z,,_Z,,2021,,2.381645893,,,,,,,,,,,,0,,,,2,
DATAFLOW,OECD.STI.STP:DSD_MSTI@DF_MSTI(1.3),,I,CHN,,A,,G,,PT_B1GQ,,_Z,,_Z,,2022,,2.494501536,,,,,,,,,,,,0,,,,2,
DATAFLOW,OECD.STI.STP:DSD_MSTI@DF_MSTI(1.3),,I,CHN,,A,,G,,PT_B1GQ,,_Z,,_Z,,2023,,2.577284878,,,,,,,,,,,,0,,,,2,
DATAFLOW,OECD.STI.STP:DSD_MSTI@DF_MSTI(1.3),,I,DEU,,A,,G,,PT_B1GQ,,_Z,,_Z,,2022,,3.043604611,,P,,,,,,,,,,0,,,,2,
DATAFLOW,OECD.STI.STP:DSD_MSTI@DF_MSTI(1.3),,I,DEU,,A,,B,,PT_B1GQ,,_Z,,_Z,,2022,,2.050674038,,P,,,,,,,,,,0,,,,2,
DATAFLOW,OECD.STI.STP:DSD_MSTI@DF_MSTI(1.3),,I,DEU,,A,,G,,USD_PPP_PS,,_Z,,_Z,,2022,,2107.573311,,P,,,,,,,,,,0,,,,0,
DATAFLOW,OECD.STI.STP:DSD_MSTI@DF_MSTI(1.3),,I,GBR,,A,,B,,PT_B1GQ,,_Z,,_Z,,2015,,1.729916392,,P,,,,,,,,,,0,,,,2,
DATAFLOW,OECD.STI.STP:DSD_MSTI@DF_MSTI(1.3),,I,GBR,,A,,B,,PT_B1GQ,,_Z,,_Z,,2016,,1.7882705,,P,,,,,,,,,,0,,,,2,
DATAFLOW,OECD.STI.STP:DSD_MSTI@DF_MSTI(1.3),,I,GBR,,A,,B,,PT_B1GQ,,_Z,,_Z,,2017,,1.792812615,,P,,,,,,,,,,0,,,,2,
DATAFLOW,OECD.STI.STP:DSD_MSTI@DF_MSTI(1.3),,I,GBR,,A,,B,,PT_B1GQ,,_Z,,_Z,,2018,,1.904610129,,P,,,,,,,,,,0,,,,2,
DATAFLOW,OECD.STI.STP:DSD_MSTI@DF_MSTI(1.3),,I,GBR,,A,,G,,PT_B1GQ,,_Z,,_Z,,2019,,2.670698292,,P,,,,,,,,,,0,,,,2,
DATAFLOW,OECD.STI.STP:DSD_MSTI@DF_MSTI(1.3),,I,GBR,,A,,G_FG,,PT_B1GQ,,_Z,,_Z,,2019,,0.480043833,,P,,,,,,,,,,0,,,,2,
DATAFLOW,OECD.STI.STP:DSD_MSTI@DF_MSTI(1.3),,I,GBR,,A,,G,,USD_PPP_PS,,_Z,,_Z,,2019,,1337.084023,,P,,,,,,,,,,0,,,,0,
DATAFLOW,OECD.STI.STP:DSD_MSTI@DF_MSTI(1.3),,I,GBR,,A,,B,,PT_B1GQ,,_Z,,_Z,,2019,,1.888338934,,P,,,,,,,,,,0,,,,2,
DATAFLOW,OECD.STI.STP:DSD_MSTI@DF_MSTI(1.3),,I,GBR,,A,,B,,PT_B1GQ,,_Z,,_Z,,2020,,2.091528063,,P,,,,,,,,,,0,,,,2,
DATAFLOW,OECD.STI.STP:DSD_MSTI@DF_MSTI(1.3),,I,GBR,,A,,G,,USD_PPP_PS,,_Z,,_Z,,2020,,1417.932121,,P,,,,,,,,,,0,,,,0,
DATAFLOW,OECD.STI.STP:DSD_MSTI@DF_MSTI(1.3),,I,GBR,,A,,G_FG,,PT_B1GQ,,_Z,,_Z,,2020,,0.576945128,,P,,,,,,,,,,0,,,,2,
DATAFLOW,OECD.STI.STP:DSD_MSTI@DF_MSTI(1.3),,I,GBR,,A,,G,,PT_B1GQ,,_Z,,_Z,,2020,,2.939933044,,P,,,,,,,,,,0,,,,2,
DATAFLOW,OECD.STI.STP:DSD_MSTI@DF_MSTI(1.3),,I,GBR,,A,,G,,PT_B1GQ,,_Z,,_Z,,2021,,2.89967533,,P,,,,,,,,,,0,,,,2,
DATAFLOW,OECD.STI.STP:DSD_MSTI@DF_MSTI(1.3),,I,GBR,,A,,G_FG,,PT_B1GQ,,_Z,,_Z,,2021,,0.562785946,,P,,,,,,,,,,0,,,,2,
DATAFLOW,OECD.STI.STP:DSD_MSTI@DF_MSTI(1.3),,I,GBR,,A,,G,,USD_PPP_PS,,_Z,,_Z,,2021,,1478.962801,,P,,,,,,,,,,0,,,,0,
DATAFLOW,OECD.STI.STP:DSD_MSTI@DF_MSTI(1.3),,I,GBR,,A,,B,,PT_B1GQ,,_Z,,_Z,,2021,,2.053426096,,P,,,,,,,,,,0,,,,2,
DATAFLOW,OECD.STI.STP:DSD_MSTI@DF_MSTI(1.3),,I,GBR,,A,,G,,USD_PPP_PS,,_Z,,_Z,,2022,,1611.28365,,P,,,,,,,,,,0,,,,0,
DATAFLOW,OECD.STI.STP:DSD_MSTI@DF_MSTI(1.3),,I,GBR,,A,,G_FG,,PT_B1GQ,,_Z,,_Z,,2022,,0.517850103,,P,,,,,,,,,,0,,,,2,
DATAFLOW,OECD.STI.STP:DSD_MSTI@DF_MSTI(1.3),,I,GBR,,A,,G,,PT_B1GQ,,_Z,,_Z,,2022,,2.752239526,,P,,,,,,,,,,0,,,,2,
DATAFLOW,OECD.STI.STP:DSD_MSTI@DF_MSTI(1.3),,I,CAN,,A,,B,,PT_B1GQ,,_Z,,_Z,,2024,,1.072014675,,P,,,,,,,,,,0,,,,2,
DATAFLOW,OECD.STI.STP:DSD_MSTI@DF_MSTI(1.3),,I,CAN,,A,,G,,PT_B1GQ,,_Z,,_Z,,2024,,1.788893569,,P,,,,,,,,,,0,,,,2,
DATAFLOW,OECD.STI.STP:DSD_MSTI@DF_MSTI(1.3),,I,CAN,,A,,G,,USD_PPP_PS,,_Z,,_Z,,2024,,1172.310581,,P,,,,,,,,,,0,,,,0,
DATAFLOW,OECD.STI.STP:DSD_MSTI@DF_MSTI(1.3),,I,CAN,,A,,G,,USD_PPP_PS,,_Z,,_Z,,2023,,1167.087575,,P,,,,,,,,,,0,,,,0,
DATAFLOW,OECD.STI.STP:DSD_MSTI@DF_MSTI(1.3),,I,FRA,,A,,G,,USD_PPP_PS,,_Z,,_Z,,2023,,1268.776753,,P,,,,,,,,,,0,,,,0,
DATAFLOW,OECD.STI.STP:DSD_MSTI@DF_MSTI(1.3),,I,DEU,,A,,G,,USD_PPP_PS,,_Z,,_Z,,2023,,2182.501608,,P,,,,,,,,,,0,,,,0,
DATAFLOW,OECD.STI.STP:DSD_MSTI@DF_MSTI(1.3),,I,GBR,,A,,G,,USD_PPP_PS,,_Z,,_Z,,2023,,1549.899282,,P,,,,,,,,,,0,,,,0,
DATAFLOW,OECD.STI.STP:DSD_MSTI@DF_MSTI(1.3),,I,CAN,,A,,G,,PT_B1GQ,,_Z,,_Z,,2023,,1.810478525,,P,,,,,,,,,,0,,,,2,
DATAFLOW,OECD.STI.STP:DSD_MSTI@DF_MSTI(1.3),,I,CAN,,A,,B,,PT_B1GQ,,_Z,,_Z,,2023,,1.071235015,,P,,,,,,,,,,0,,,,2,
DATAFLOW,OECD.STI.STP:DSD_MSTI@DF_MSTI(1.3),,I,FRA,,A,,B,,PT_B1GQ,,_Z,,_Z,,2023,,1.437428863,,P,,,,,,,,,,0,,,,2,
DATAFLOW,OECD.STI.STP:DSD_MSTI@DF_MSTI(1.3),,I,FRA,,A,,G_FG,,PT_B1GQ,,_Z,,_Z,,2023,,0.719764572,,P,,,,,,,,,,0,,,,2,
DATAFLOW,OECD.STI.STP:DSD_MSTI@DF_MSTI(1.3),,I,FRA,,A,,G,,PT_B1GQ,,_Z,,_Z,,2023,,2.175165889,,P,,,,,,,,,,0,,,,2,
DATAFLOW,OECD.STI.STP:DSD_MSTI@DF_MSTI(1.3),,I,DEU,,A,,B,,PT_B1GQ,,_Z,,_Z,,2023,,2.142712985,,P,,,,,,,,,,0,,,,2,
DATAFLOW,OECD.STI.STP:DSD_MSTI@DF_MSTI(1.3),,I,DEU,,A,,G,,PT_B1GQ,,_Z,,_Z,,2023,,3.128664165,,P,,,,,,,,,,0,,,,2,
DATAFLOW,OECD.STI.STP:DSD_MSTI@DF_MSTI(1.3),,I,KOR,,A,,B,,PT_B1GQ,,_Z,,_Z,,2023,,3.927088931,,P,,,,,,,,,,0,,,,2,
DATAFLOW,OECD.STI.STP:DSD_MSTI@DF_MSTI(1.3),,I,KOR,,A,,G,,PT_B1GQ,,_Z,,_Z,,2023,,4.958960136,,P,,,,,,,,,,0,,,,2,
DATAFLOW,OECD.STI.STP:DSD_MSTI@DF_MSTI(1.3),,I,KOR,,A,,G_FG,,PT_B1GQ,,_Z,,_Z,,2023,,1.133190743,,P,,,,,,,,,,0,,,,2,
DATAFLOW,OECD.STI.STP:DSD_MSTI@DF_MSTI(1.3),,I,GBR,,A,,G,,PT_B1GQ,,_Z,,_Z,,2023,,2.676140138,,P,,,,,,,,,,0,,,,2,
DATAFLOW,OECD.STI.STP:DSD_MSTI@DF_MSTI(1.3),,I,GBR,,A,,G_FG,,PT_B1GQ,,_Z,,_Z,,2023,,0.523863182,,P,,,,,,,,,,0,,,,2,
DATAFLOW,OECD.STI.STP:DSD_MSTI@DF_MSTI(1.3),,I,CAN,,A,,G,,USD_PPP_PS,,_Z,,_Z,,2012,,749.8519596,,B,,,,,,,,,,0,,,,0,
DATAFLOW,OECD.STI.STP:DSD_MSTI@DF_MSTI(1.3),,I,CAN,,A,,G,,USD_PPP_PS,,_Z,,_Z,,2014,,784.6716853,,B,,,,,,,,,,0,,,,0,
DATAFLOW,OECD.STI.STP:DSD_MSTI@DF_MSTI(1.3),,I,FRA,,A,,G,,USD_PPP_PS,,_Z,,_Z,,2010,,785.4119399,,B,,,,,,,,,,0,,,,0,
DATAFLOW,OECD.STI.STP:DSD_MSTI@DF_MSTI(1.3),,I,FRA,,A,,G,,USD_PPP_PS,,_Z,,_Z,,2014,,917.6724059,,B,,,,,,,,,,0,,,,0,
DATAFLOW,OECD.STI.STP:DSD_MSTI@DF_MSTI(1.3),,I,JPN,,A,,G,,USD_PPP_PS,,_Z,,_Z,,2013,,1293.111482,,B,,,,,,,,,,0,,,,0,
DATAFLOW,OECD.STI.STP:DSD_MSTI@DF_MSTI(1.3),,I,JPN,,A,,G,,USD_PPP_PS,,_Z,,_Z,,2018,,1360.57984,,B,,,,,,,,,,0,,,,0,
DATAFLOW,OECD.STI.STP:DSD_MSTI@DF_MSTI(1.3),,I,CAN,,A,,G,,PT_B1GQ,,_Z,,_Z,,2012,,1.773039748,,B,,,,,,,,,,0,,,,2,
DATAFLOW,OECD.STI.STP:DSD_MSTI@DF_MSTI(1.3),,I,CAN,,A,,B,,PT_B1GQ,,_Z,,_Z,,2014,,0.912678242,,B,,,,,,,,,,0,,,,2,
DATAFLOW,OECD.STI.STP:DSD_MSTI@DF_MSTI(1.3),,I,CAN,,A,,G,,PT_B1GQ,,_Z,,_Z,,2014,,1.714824517,,B,,,,,,,,,,0,,,,2,
DATAFLOW,OECD.STI.STP:DSD_MSTI@DF_MSTI(1.3),,I,FRA,,A,,G,,PT_B1GQ,,_Z,,_Z,,2010,,2.177715247,,B,,,,,,,,,,0,,,,2,
DATAFLOW,OECD.STI.STP:DSD_MSTI@DF_MSTI(1.3),,I,FRA,,A,,G_FG,,PT_B1GQ,,_Z,,_Z,,2010,,0.808717908,,B,,,,,,,,,,0,,,,2,
DATAFLOW,OECD.STI.STP:DSD_MSTI@DF_MSTI(1.3),,I,FRA,,A,,G,,PT_B1GQ,,_Z,,_Z,,2014,,2.271723455,,B,,,,,,,,,,0,,,,2,
DATAFLOW,OECD.STI.STP:DSD_MSTI@DF_MSTI(1.3),,I,JPN,,A,,G,,PT_B1GQ,,_Z,,_Z,,2013,,3.27895603,,B,,,,,,,,,,0,,,,2,
DATAFLOW,OECD.STI.STP:DSD_MSTI@DF_MSTI(1.3),,I,JPN,,A,,G,,PT_B1GQ,,_Z,,_Z,,2018,,3.219196015,,B,,,,,,,,,,0,,,,2,
DATAFLOW,OECD.STI.STP:DSD_MSTI@DF_MSTI(1.3),,I,GBR,,A,,B,,PT_B1GQ,,_Z,,_Z,,2022,,1.922553107,,B,,,,,,,,,,0,,,,2,
DATAFLOW,OECD.STI.STP:DSD_MSTI@DF_MSTI(1.3),,I,USA,,A,,B,,PT_B1GQ,,_Z,,_Z,,2015,,2.007715871,,B,,,,,,,,,,0,,,,2,
DATAFLOW,OECD.STI.STP:DSD_MSTI@DF_MSTI(1.3),,I,USA,,A,,B,,PT_B1GQ,,_Z,,_Z,,2016,,2.075712874,,B,,,,,,,,,,0,,,,2,
DATAFLOW,OECD.STI.STP:DSD_MSTI@DF_MSTI(1.3),,I,USA,,A,,B,,PT_B1GQ,,_Z,,_Z,,2021,,2.703789437,,B,,,,,,,,,,0,,,,2,
DATAFLOW,OECD.STI.STP:DSD_MSTI@DF_MSTI(1.3),,I,GBR,,A,,G,,USD_PPP_PS,,_Z,,_Z,,2010,,598.0436289,,E,,,,,,,,,,0,,,,0,
DATAFLOW,OECD.STI.STP:DSD_MSTI@DF_MSTI(1.3),,I,GBR,,A,,G,,USD_PPP_PS,,_Z,,_Z,,2012,,604.1368338,,E,,,,,,,,,,0,,,,0,
DATAFLOW,OECD.STI.STP:DSD_MSTI@DF_MSTI(1.3),,I,GBR,,A,,G,,PT_B1GQ,,_Z,,_Z,,2010,,1.638864246,,E,,,,,,,,,,0,,,,2,
DATAFLOW,OECD.STI.STP:DSD_MSTI@DF_MSTI(1.3),,I,GBR,,A,,G,,PT_B1GQ,,_Z,,_Z,,2012,,1.575874635,,E,,,,,,,,,,0,,,,2,
DATAFLOW,OECD.STI.STP:DSD_MSTI@DF_MSTI(1.3),,I,CAN,,A,,G_FG,,PT_B1GQ,,_Z,,_Z,,2011,,0.604093541,,E,,,,,,,,,,0,,,,2,
DATAFLOW,OECD.STI.STP:DSD_MSTI@DF_MSTI(1.3),,I,CAN,,A,,G_FG,,PT_B1GQ,,_Z,,_Z,,2013,,0.576476136,,E,,,,,,,,,,0,,,,2,
DATAFLOW,OECD.STI.STP:DSD_MSTI@DF_MSTI(1.3),,I,CAN,,A,,G_FG,,PT_B1GQ,,_Z,,_Z,,2015,,0.536162589,,E,,,,,,,,,,0,,,,2,
DATAFLOW,OECD.STI.STP:DSD_MSTI@DF_MSTI(1.3),,I,CAN,,A,,G_FG,,PT_B1GQ,,_Z,,_Z,,2016,,0.534278598,,E,,,,,,,,,,0,,,,2,
DATAFLOW,OECD.STI.STP:DSD_MSTI@DF_MSTI(1.3),,I,CAN,,A,,G_FG,,PT_B1GQ,,_Z,,_Z,,2017,,0.547406127,,E,,,,,,,,,,0,,,,2,
DATAFLOW,OECD.STI.STP:DSD_MSTI@DF_MSTI(1.3),,I,CAN,,A,,G_FG,,PT_B1GQ,,_Z,,_Z,,2018,,0.544265155,,E,,,,,,,,,,0,,,,2,
DATAFLOW,OECD.STI.STP:DSD_MSTI@DF_MSTI(1.3),,I,CAN,,A,,G_FG,,PT_B1GQ,,_Z,,_Z,,2019,,0.553259194,,E,,,,,,,,,,0,,,,2,
DATAFLOW,OECD.STI.STP:DSD_MSTI@DF_MSTI(1.3),,I,CAN,,A,,G_FG,,PT_B1GQ,,_Z,,_Z,,2020,,0.600803323,,E,,,,,,,,,,0,,,,2,
DATAFLOW,OECD.STI.STP:DSD_MSTI@DF_MSTI(1.3),,I,CAN,,A,,G_FG,,PT_B1GQ,,_Z,,_Z,,2021,,0.546293149,,E,,,,,,,,,,0,,,,2,
DATAFLOW,OECD.STI.STP:DSD_MSTI@DF_MSTI(1.3),,I,CAN,,A,,G_FG,,PT_B1GQ,,_Z,,_Z,,2022,,0.510217683,,E,,,,,,,,,,0,,,,2,
DATAFLOW,OECD.STI.STP:DSD_MSTI@DF_MSTI(1.3),,I,JPN,,A,,G_FG,,PT_B1GQ,,_Z,,_Z,,2010,,0.533201942,,E,,,,,,,,,,0,,,,2,
DATAFLOW,OECD.STI.STP:DSD_MSTI@DF_MSTI(1.3),,I,JPN,,A,,G_FG,,PT_B1GQ,,_Z,,_Z,,2011,,0.525930923,,E,,,,,,,,,,0,,,,2,
DATAFLOW,OECD.STI.STP:DSD_MSTI@DF_MSTI(1.3),,I,JPN,,A,,G_FG,,PT_B1GQ,,_Z,,_Z,,2012,,0.534451724,,E,,,,,,,,,,0,,,,2,
DATAFLOW,OECD.STI.STP:DSD_MSTI@DF_MSTI(1.3),,I,JPN,,A,,G_FG,,PT_B1GQ,,_Z,,_Z,,2014,,0.539382462,,E,,,,,,,,,,0,,,,2,
DATAFLOW,OECD.STI.STP:DSD_MSTI@DF_MSTI(1.3),,I,JPN,,A,,G_FG,,PT_B1GQ,,_Z,,_Z,,2015,,0.499489267,,E,,,,,,,,,,0,,,,2,
DATAFLOW,OECD.STI.STP:DSD_MSTI@DF_MSTI(1.3),,I,JPN,,A,,G_FG,,PT_B1GQ,,_Z,,_Z,,2016,,0.466512241,,E,,,,,,,,,,0,,,,2,
DATAFLOW,OECD.STI.STP:DSD_MSTI@DF_MSTI(1.3),,I,JPN,,A,,G_FG,,PT_B1GQ,,_Z,,_Z,,2017,,0.474949582,,E,,,,,,,,,,0,,,,2,
DATAFLOW,OECD.STI.STP:DSD_MSTI@DF_MSTI(1.3),,I,JPN,,A,,G_FG,,PT_B1GQ,,_Z,,_Z,,2019,,0.472155308,,E,,,,,,,,,,0,,,,2,
DATAFLOW,OECD.STI.STP:DSD_MSTI@DF_MSTI(1.3),,I,JPN,,A,,G_FG,,PT_B1GQ,,_Z,,_Z,,2020,,0.496036565,,E,,,,,,,,,,0,,,,2,
DATAFLOW,OECD.STI.STP:DSD_MSTI@DF_MSTI(1.3),,I,JPN,,A,,G_FG,,PT_B1GQ,,_Z,,_Z,,2021,,0.506002798,,E,,,,,,,,,,0,,,,2,
DATAFLOW,OECD.STI.STP:DSD_MSTI@DF_MSTI(1.3),,I,JPN,,A,,G_FG,,PT_B1GQ,,_Z,,_Z,,2022,,0.513550333,,E,,,,,,,,,,0,,,,2,
DATAFLOW,OECD.STI.STP:DSD_MSTI@DF_MSTI(1.3),,I,JPN,,A,,G_FG,,PT_B1GQ,,_Z,,_Z,,2023,,0.548428851,,E,,,,,,,,,,0,,,,2,
DATAFLOW,OECD.STI.STP:DSD_MSTI@DF_MSTI(1.3),,I,GBR,,A,,G_FG,,PT_B1GQ,,_Z,,_Z,,2010,,0.528999275,,E,,,,,,,,,,0,,,,2,
DATAFLOW,OECD.STI.STP:DSD_MSTI@DF_MSTI(1.3),,I,GBR,,A,,G_FG,,PT_B1GQ,,_Z,,_Z,,2012,,0.451872102,,E,,,,,,,,,,0,,,,2,
DATAFLOW,OECD.STI.STP:DSD_MSTI@DF_MSTI(1.3),,I,CAN,,A,,B,,PT_B1GQ,,_Z,,_Z,,2010,,0.948592117,,D,,,,,,,,,,0,,,,2,
DATAFLOW,OECD.STI.STP:DSD_MSTI@DF_MSTI(1.3),,I,CAN,,A,,B,,PT_B1GQ,,_Z,,_Z,,2011,,0.952277343,,D,,,,,,,,,,0,,,,2,
DATAFLOW,OECD.STI.STP:DSD_MSTI@DF_MSTI(1.3),,I,CAN,,A,,B,,PT_B1GQ,,_Z,,_Z,,2012,,0.913966225,,D,,,,,,,,,,0,,,,2,
DATAFLOW,OECD.STI.STP:DSD_MSTI@DF_MSTI(1.3),,I,CAN,,A,,B,,PT_B1GQ,,_Z,,_Z,,2013,,0.872547046,,D,,,,,,,,,,0,,,,2,
DATAFLOW,OECD.STI.STP:DSD_MSTI@DF_MSTI(1.3),,I,DEU,,A,,G_FG,,PT_B1GQ,,_Z,,_Z,,2010,,0.812925875,,D,,,,,,,,,,0,,,,2,
DATAFLOW,OECD.STI.STP:DSD_MSTI@DF_MSTI(1.3),,I,DEU,,A,,G_FG,,PT_B1GQ,,_Z,,_Z,,2011,,0.822213691,,D,,,,,,,,,,0,,,,2,
DATAFLOW,OECD.STI.STP:DSD_MSTI@DF_MSTI(1.3),,I,DEU,,A,,G_FG,,PT_B1GQ,,_Z,,_Z,,2012,,0.825600833,,D,,,,,,,,,,0,,,,2,
DATAFLOW,OECD.STI.STP:DSD_MSTI@DF_MSTI(1.3),,I,DEU,,A,,G_FG,,PT_B1GQ,,_Z,,_Z,,2013,,0.809284453,,D,,,,,,,,,,0,,,,2,
DATAFLOW,OECD.STI.STP:DSD_MSTI@DF_MSTI(1.3),,I,DEU,,A,,G_FG,,PT_B1GQ,,_Z,,_Z,,2014,,0.810317845,,D,,,,,,,,,,0,,,,2,
DATAFLOW,OECD.STI.STP:DSD_MSTI@DF_MSTI(1.3),,I,DEU,,A,,G_FG,,PT_B1GQ,,_Z,,_Z,,2015,,0.802306716,,D,,,,,,,,,,0,,,,2,
DATAFLOW,OECD.STI.STP:DSD_MSTI@DF_MSTI(1.3),,I,DEU,,A,,G_FG,,PT_B1GQ,,_Z,,_Z,,2016,,0.822799096,,D,,,,,,,,,,0,,,,2,
DATAFLOW,OECD.STI.STP:DSD_MSTI@DF_MSTI(1.3),,I,DEU,,A,,G_FG,,PT_B1GQ,,_Z,,_Z,,2017,,0.827948613,,D,,,,,,,,,,0,,,,2,
DATAFLOW,OECD.STI.STP:DSD_MSTI@DF_MSTI(1.3),,I,DEU,,A,,G_FG,,PT_B1GQ,,_Z,,_Z,,2018,,0.848813406,,D,,,,,,,,,,0,,,,2,
DATAFLOW,OECD.STI.STP:DSD_MSTI@DF_MSTI(1.3),,I,DEU,,A,,G_FG,,PT_B1GQ,,_Z,,_Z,,2019,,0.86485944,,D,,,,,,,,,,0,,,,2,
DATAFLOW,OECD.STI.STP:DSD_MSTI@DF_MSTI(1.3),,I,DEU,,A,,G_FG,,PT_B1GQ,,_Z,,_Z,,2020,,0.917444475,,D,,,,,,,,,,0,,,,2,
DATAFLOW,OECD.STI.STP:DSD_MSTI@DF_MSTI(1.3),,I,DEU,,A,,G_FG,,PT_B1GQ,,_Z,,_Z,,2021,,0.921005247,,D,,,,,,,,,,0,,,,2,
DATAFLOW,OECD.STI.STP:DSD_MSTI@DF_MSTI(1.3),,I,USA,,A,,B,,PT_B1GQ,,_Z,,_Z,,2010,,1.853794522,,D,,,,,,,,,,0,,,,2,
DATAFLOW,OECD.STI.STP:DSD_MSTI@DF_MSTI(1.3),,I,USA,,A,,G,,PT_B1GQ,,_Z,,_Z,,2010,,2.714438084,,D,,,,,,,,,,0,,,,2,
DATAFLOW,OECD.STI.STP:DSD_MSTI@DF_MSTI(1.3),,I,USA,,A,,G_FG,,PT_B1GQ,,_Z,,_Z,,2010,,0.882558681,,D,,,,,,,,,,0,,,,2,
DATAFLOW,OECD.STI.STP:DSD_MSTI@DF_MSTI(1.3),,I,USA,,A,,G_FG,,PT_B1GQ,,_Z,,_Z,,2011,,0.848168417,,D,,,,,,,,,,0,,,,2,
DATAFLOW,OECD.STI.STP:DSD_MSTI@DF_MSTI(1.3),,I,USA,,A,,G,,PT_B1GQ,,_Z,,_Z,,2011,,2.738027807,,D,,,,,,,,,,0,,,,2,
DATAFLOW,OECD.STI.STP:DSD_MSTI@DF_MSTI(1.3),,I,USA,,A,,B,,PT_B1GQ,,_Z,,_Z,,2011,,1.885237516,,D,,,,,,,,,,0,,,,2,
DATAFLOW,OECD.STI.STP:DSD_MSTI@DF_MSTI(1.3),,I,USA,,A,,B,,PT_B1GQ,,_Z,,_Z,,2012,,1.859551851,,D,,,,,,,,,,0,,,,2,
DATAFLOW,OECD.STI.STP:DSD_MSTI@DF_MSTI(1.3),,I,USA,,A,,G,,PT_B1GQ,,_Z,,_Z,,2012,,2.672725494,,D,,,,,,,,,,0,,,,2,
DATAFLOW,OECD.STI.STP:DSD_MSTI@DF_MSTI(1.3),,I,USA,,A,,G_FG,,PT_B1GQ,,_Z,,_Z,,2012,,0.791935755,,D,,,,,,,,,,0,,,,2,
DATAFLOW,OECD.STI.STP:DSD_MSTI@DF_MSTI(1.3),,I,USA,,A,,G_FG,,PT_B1GQ,,_Z,,_Z,,2013,,0.741865717,,D,,,,,,,,,,0,,,,2,
DATAFLOW,OECD.STI.STP:DSD_MSTI@DF_MSTI(1.3),,I,USA,,A,,G,,PT_B1GQ,,_Z,,_Z,,2013,,2.695915799,,D,,,,,,,,,,0,,,,2,
DATAFLOW,OECD.STI.STP:DSD_MSTI@DF_MSTI(1.3),,I,USA,,A,,B,,PT_B1GQ,,_Z,,_Z,,2013,,1.910633592,,D,,,,,,,,,,0,,,,2,
DATAFLOW,OECD.STI.STP:DSD_MSTI@DF_MSTI(1.3),,I,USA,,A,,B,,PT_B1GQ,,_Z,,_Z,,2014,,1.9350598,,D,,,,,,,,,,0,,,,2,
DATAFLOW,OECD.STI.STP:DSD_MSTI@DF_MSTI(1.3),,I,USA,,A,,G,,PT_B1GQ,,_Z,,_Z,,2014,,2.708809983,,D,,,,,,,,,,0,,,,2,
DATAFLOW,OECD.STI.STP:DSD_MSTI@DF_MSTI(1.3),,I,USA,,A,,G_FG,,PT_B1GQ,,_Z,,_Z,,2014,,0.702027665,,D,,,,,,,,,,0,,,,2,
DATAFLOW,OECD.STI.STP:DSD_MSTI@DF_MSTI(1.3),,I,USA,,A,,G_FG,,PT_B1GQ,,_Z,,_Z,,2015,,0.684443126,,D,,,,,,,,,,0,,,,2,
DATAFLOW,OECD.STI.STP:DSD_MSTI@DF_MSTI(1.3),,I,USA,,A,,G_FG,,PT_B1GQ,,_Z,,_Z,,2016,,0.660077502,,D,,,,,,,,,,0,,,,2,
DATAFLOW,OECD.STI.STP:DSD_MSTI@DF_MSTI(1.3),,I,USA,,A,,G_FG,,PT_B1GQ,,_Z,,_Z,,2017,,0.655809357,,D,,,,,,,,,,0,,,,2,
DATAFLOW,OECD.STI.STP:DSD_MSTI@DF_MSTI(1.3),,I,USA,,A,,G,,PT_B1GQ,,_Z,,_Z,,2017,,2.883148374,,D,,,,,,,,,,0,,,,2,
DATAFLOW,OECD.STI.STP:DSD_MSTI@DF_MSTI(1.3),,I,USA,,A,,G,,PT_B1GQ,,_Z,,_Z,,2018,,2.989555451,,D,,,,,,,,,,0,,,,2,
DATAFLOW,OECD.STI.STP:DSD_MSTI@DF_MSTI(1.3),,I,USA,,A,,G_FG,,PT_B1GQ,,_Z,,_Z,,2018,,0.666438619,,D,,,,,,,,,,0,,,,2,
DATAFLOW,OECD.STI.STP:DSD_MSTI@DF_MSTI(1.3),,I,USA,,A,,G_FG,,PT_B1GQ,,_Z,,_Z,,2019,,0.662024694,,D,,,,,,,,,,0,,,,2,
DATAFLOW,OECD.STI.STP:DSD_MSTI@DF_MSTI(1.3),,I,USA,,A,,G,,PT_B1GQ,,_Z,,_Z,,2019,,3.1429692,,D,,,,,,,,,,0,,,,2,
DATAFLOW,OECD.STI.STP:DSD_MSTI@DF_MSTI(1.3),,I,USA,,A,,G,,PT_B1GQ,,_Z,,_Z,,2020,,3.417876797,,D,,,,,,,,,,0,,,,2,
DATAFLOW,OECD.STI.STP:DSD_MSTI@DF_MSTI(1.3),,I,USA,,A,,G_FG,,PT_B1GQ,,_Z,,_Z,,2020,,0.728258103,,D,,,,,,,,,,0,,,,2,
DATAFLOW,OECD.STI.STP:DSD_MSTI@DF_MSTI(1.3),,I,USA,,A,,G,,PT_B1GQ,,_Z,,_Z,,2022,,3.487356217,,D,,,,,,,,,,0,,,,2,
DATAFLOW,OECD.STI.STP:DSD_MSTI@DF_MSTI(1.3),,I,USA,,A,,G_FG,,PT_B1GQ,,_Z,,_Z,,2022,,0.660644084,,D,,,,,,,,,,0,,,,2,
DATAFLOW,OECD.STI.STP:DSD_MSTI@DF_MSTI(1.3),,I,USA,,A,,G,,USD_PPP_PS,,_Z,,_Z,,2010,,1318.410529,,D,,,,,,,,,,0,,,,0,
DATAFLOW,OECD.STI.STP:DSD_MSTI@DF_MSTI(1.3),,I,USA,,A,,G,,USD_PPP_PS,,_Z,,_Z,,2011,,1367.697209,,D,,,,,,,,,,0,,,,0,
DATAFLOW,OECD.STI.STP:DSD_MSTI@DF_MSTI(1.3),,I,USA,,A,,G,,USD_PPP_PS,,_Z,,_Z,,2012,,1380.328859,,D,,,,,,,,,,0,,,,0,
DATAFLOW,OECD.STI.STP:DSD_MSTI@DF_MSTI(1.3),,I,USA,,A,,G,,USD_PPP_PS,,_Z,,_Z,,2013,,1435.163782,,D,,,,,,,,,,0,,,,0,
DATAFLOW,OECD.STI.STP:DSD_MSTI@DF_MSTI(1.3),,I,USA,,A,,G,,USD_PPP_PS,,_Z,,_Z,,2014,,1492.395205,,D,,,,,,,,,,0,,,,0,
DATAFLOW,OECD.STI.STP:DSD_MSTI@DF_MSTI(1.3),,I,USA,,A,,G,,USD_PPP_PS,,_Z,,_Z,,2017,,1729.933305,,D,,,,,,,,,,0,,,,0,
DATAFLOW,OECD.STI.STP:DSD_MSTI@DF_MSTI(1.3),,I,USA,,A,,G,,USD_PPP_PS,,_Z,,_Z,,2018,,1878.191208,,D,,,,,,,,,,0,,,,0,
DATAFLOW,OECD.STI.STP:DSD_MSTI@DF_MSTI(1.3),,I,USA,,A,,G,,USD_PPP_PS,,_Z,,_Z,,2019,,2048.3158,,D,,,,,,,,,,0,,,,0,
DATAFLOW,OECD.STI.STP:DSD_MSTI@DF_MSTI(1.3),,I,USA,,A,,G,,USD_PPP_PS,,_Z,,_Z,,2020,,2199.424421,,D,,,,,,,,,,0,,,,0,
DATAFLOW,OECD.STI.STP:DSD_MSTI@DF_MSTI(1.3),,I,USA,,A,,G,,USD_PPP_PS,,_Z,,_Z,,2022,,2712.407139,,D,,,,,,,,,,0,,,,0,
DATAFLOW,OECD.STI.STP:DSD_MSTI@DF_MSTI(1.3),,I,GBR,,A,,G,,USD_PPP_PS,,_Z,,_Z,,2014,,934.6444493,,B,,E,,P,,,,,,0,,,,0,
DATAFLOW,OECD.STI.STP:DSD_MSTI@DF_MSTI(1.3),,I,GBR,,A,,G,,PT_B1GQ,,_Z,,_Z,,2014,,2.26487962,,B,,E,,P,,,,,,0,,,,2,
DATAFLOW,OECD.STI.STP:DSD_MSTI@DF_MSTI(1.3),,I,GBR,,A,,G,,USD_PPP_PS,,_Z,,_Z,,2018,,1278.921288,,B,,E,,P,,,,,,0,,,,0,
DATAFLOW,OECD.STI.STP:DSD_MSTI@DF_MSTI(1.3),,I,GBR,,A,,G_FG,,PT_B1GQ,,_Z,,_Z,,2018,,0.492882976,,B,,E,,P,,,,,,0,,,,2,
DATAFLOW,OECD.STI.STP:DSD_MSTI@DF_MSTI(1.3),,I,GBR,,A,,G,,PT_B1GQ,,_Z,,_Z,,2018,,2.708880344,,B,,E,,P,,,,,,0,,,,2,
DATAFLOW,OECD.STI.STP:DSD_MSTI@DF_MSTI(1.3),,I,CAN,,A,,G_FG,,PT_B1GQ,,_Z,,_Z,,2010,,0.636116126,,B,,E,,,,,,,,0,,,,2,
DATAFLOW,OECD.STI.STP:DSD_MSTI@DF_MSTI(1.3),,I,CAN,,A,,G_FG,,PT_B1GQ,,_Z,,_Z,,2012,,0.604695378,,B,,E,,,,,,,,0,,,,2,
DATAFLOW,OECD.STI.STP:DSD_MSTI@DF_MSTI(1.3),,I,CAN,,A,,G_FG,,PT_B1GQ,,_Z,,_Z,,2014,,0.550153441,,B,,E,,,,,,,,0,,,,2,
DATAFLOW,OECD.STI.STP:DSD_MSTI@DF_MSTI(1.3),,I,JPN,,A,,G_FG,,PT_B1GQ,,_Z,,_Z,,2013,,0.567211456,,B,,E,,,,,,,,0,,,,2,
DATAFLOW,OECD.STI.STP:DSD_MSTI@DF_MSTI(1.3),,I,JPN,,A,,G_FG,,PT_B1GQ,,_Z,,_Z,,2018,,0.468778125,,B,,E,,,,,,,,0,,,,2,
DATAFLOW,OECD.STI.STP:DSD_MSTI@DF_MSTI(1.3),,I,USA,,A,,B,,PT_B1GQ,,_Z,,_Z,,2023,,2.703357984,,B,,E,,,,,,,,0,,,,2,
DATAFLOW,OECD.STI.STP:DSD_MSTI@DF_MSTI(1.3),,I,USA,,A,,G,,USD_PPP_PS,,_Z,,_Z,,2015,,1575.136676,,B,,D,,,,,,,,0,,,,0,
DATAFLOW,OECD.STI.STP:DSD_MSTI@DF_MSTI(1.3),,I,USA,,A,,G,,USD_PPP_PS,,_Z,,_Z,,2016,,1643.364787,,B,,D,,,,,,,,0,,,,0,
DATAFLOW,OECD.STI.STP:DSD_MSTI@DF_MSTI(1.3),,I,USA,,A,,G,,USD_PPP_PS,,_Z,,_Z,,2021,,2470.573375,,B,,D,,,,,,,,0,,,,0,
DATAFLOW,OECD.STI.STP:DSD_MSTI@DF_MSTI(1.3),,I,USA,,A,,G,,PT_B1GQ,,_Z,,_Z,,2015,,2.773279437,,B,,D,,,,,,,,0,,,,2,
DATAFLOW,OECD.STI.STP:DSD_MSTI@DF_MSTI(1.3),,I,USA,,A,,G,,PT_B1GQ,,_Z,,_Z,,2016,,2.836763988,,B,,D,,,,,,,,0,,,,2,
DATAFLOW,OECD.STI.STP:DSD_MSTI@DF_MSTI(1.3),,I,USA,,A,,G_FG,,PT_B1GQ,,_Z,,_Z,,2021,,0.65067306,,B,,D,,,,,,,,0,,,,2,
DATAFLOW,OECD.STI.STP:DSD_MSTI@DF_MSTI(1.3),,I,USA,,A,,G,,PT_B1GQ,,_Z,,_Z,,2021,,3.468907851,,B,,D,,,,,,,,0,,,,2,
DATAFLOW,OECD.STI.STP:DSD_MSTI@DF_MSTI(1.3),,I,DEU,,A,,G_FG,,PT_B1GQ,,_Z,,_Z,,2023,,0.930988073,,B,,D,,P,,,,,,0,,,,2,
DATAFLOW,OECD.STI.STP:DSD_MSTI@DF_MSTI(1.3),,I,USA,,A,,G,,PT_B1GQ,,_Z,,_Z,,2023,,3.447162913,,B,,D,,P,,,,,,0,,,,2,
DATAFLOW,OECD.STI.STP:DSD_MSTI@DF_MSTI(1.3),,I,USA,,A,,G,,USD_PPP_PS,,_Z,,_Z,,2023,,2834.357138,,B,,D,,P,,,,,,0,,,,0,
DATAFLOW,OECD.STI.STP:DSD_MSTI@DF_MSTI(1.3),,I,GBR,,A,,B,,PT_B1GQ,,_Z,,_Z,,2014,,1.692282582,,B,,P,,,,,,,,0,,,,2,
DATAFLOW,OECD.STI.STP:DSD_MSTI@DF_MSTI(1.3),,I,USA,,A,,G_FG,,PT_B1GQ,,_Z,,_Z,,2023,,0.650459554,,D,,P,,,,,,,,0,,,,2,
DATAFLOW,OECD.STI.STP:DSD_MSTI@DF_MSTI(1.3),,I,CAN,,A,,G_FG,,PT_B1GQ,,_Z,,_Z,,2023,,0.508451468,,E,,P,,,,,,,,0,,,,2,
DATAFLOW,OECD.STI.STP:DSD_MSTI@DF_MSTI(1.3),,I,CAN,,A,,G_FG,,PT_B1GQ,,_Z,,_Z,,2024,,0.496493559,,E,,P,,,,,,,,0,,,,2,
DATAFLOW,OECD.STI.STP:DSD_MSTI@DF_MSTI(1.3),,I,GBR,,A,,G,,PT_B1GQ,,_Z,,_Z,,2015,,2.275659018,,E,,P,,,,,,,,0,,,,2,
DATAFLOW,OECD.STI.STP:DSD_MSTI@DF_MSTI(1.3),,I,GBR,,A,,G,,USD_PPP_PS,,_Z,,_Z,,2015,,967.7622695,,E,,P,,,,,,,,0,,,,0,
DATAFLOW,OECD.STI.STP:DSD_MSTI@DF_MSTI(1.3),,I,GBR,,A,,G,,USD_PPP_PS,,_Z,,_Z,,2016,,1023.004837,,E,,P,,,,,,,,0,,,,0,
DATAFLOW,OECD.STI.STP:DSD_MSTI@DF_MSTI(1.3),,I,GBR,,A,,G,,PT_B1GQ,,_Z,,_Z,,2016,,2.320516458,,E,,P,,,,,,,,0,,,,2,
DATAFLOW,OECD.STI.STP:DSD_MSTI@DF_MSTI(1.3),,I,GBR,,A,,G,,PT_B1GQ,,_Z,,_Z,,2017,,2.326016263,,E,,P,,,,,,,,0,,,,2,
DATAFLOW,OECD.STI.STP:DSD_MSTI@DF_MSTI(1.3),,I,GBR,,A,,G,,USD_PPP_PS,,_Z,,_Z,,2017,,1072.596474,,E,,P,,,,,,,,0,,,,0,
DATAFLOW,OECD.STI.STP:DSD_MSTI@DF_MSTI(1.3),,I,FRA,,A,,G_FG,,PT_B1GQ,,_Z,,_Z,,2015,,0.78810109,,,,,,,,S2,,,,0,,,,2,
DATAFLOW,OECD.STI.STP:DSD_MSTI@DF_MSTI(1.3),,I,FRA,,A,,G_FG,,PT_B1GQ,,_Z,,_Z,,2017,,0.715942296,,,,,,,,S2,,,,0,,,,2,
DATAFLOW,OECD.STI.STP:DSD_MSTI@DF_MSTI(1.3),,I,FRA,,A,,G_FG,,PT_B1GQ,,_Z,,_Z,,2018,,0.695025291,,,,,,,,S2,,,,0,,,,2,
